<DATE>;<OPEN>;<HIGH>;<LOW>;<CLOSE>
11.09.2018;103300;104000;103300;103730
11.09.2018;103740;103900;103740;103820
11.09.2018;103850;103960;103850;103960
11.09.2018;103920;103920;103780;103800
11.09.2018;103790;103860;103790;103860
11.09.2018;103880;103960;103780;103820
11.09.2018;103850;103880;103810;103880
11.09.2018;103890;103970;103890;103910
11.09.2018;103980;104000;103970;103990
11.09.2018;103980;104000;103980;103980
11.09.2018;104010;104040;104000;104010
11.09.2018;104010;104060;104010;104060
11.09.2018;104090;104100;104080;104100
11.09.2018;104100;104150;104080;104080
11.09.2018;104110;104430;104110;104310
11.09.2018;104310;104320;104250;104320
11.09.2018;104320;104340;104300;104310
11.09.2018;104270;104270;104200;104250
11.09.2018;104240;104240;104180;104180
11.09.2018;104160;104160;104030;104030
11.09.2018;104030;104110;104030;104090
11.09.2018;104100;104100;104100;104100
11.09.2018;104100;104100;104100;104100
11.09.2018;104120;104120;104090;104100
11.09.2018;104050;104050;104010;104010
11.09.2018;104000;104000;103810;103890
11.09.2018;103950;103970;103950;103960
11.09.2018;103970;104010;103970;104010
11.09.2018;104030;104060;104030;104060
11.09.2018;104050;104090;104050;104070
11.09.2018;104120;104200;104100;104180
11.09.2018;104130;104130;104120;104130
11.09.2018;104110;104110;104090;104090
11.09.2018;104090;104090;104090;104090
11.09.2018;104050;104050;104040;104040
11.09.2018;104010;104060;104010;104060
11.09.2018;104020;104020;103980;103980
11.09.2018;103980;103980;103960;103980
11.09.2018;104100;104100;104100;104100
11.09.2018;104080;104080;104080;104080
11.09.2018;104080;104080;104080;104080
11.09.2018;104080;104080;104070;104070
11.09.2018;104040;104100;104040;104100
11.09.2018;104110;104110;104050;104050
11.09.2018;104050;104110;104050;104110
11.09.2018;104160;104220;104160;104200
11.09.2018;104200;104200;104200;104200
11.09.2018;104210;104210;104200;104200
11.09.2018;104210;104300;104210;104300
11.09.2018;104270;104300;104270;104300
11.09.2018;104250;104310;104250;104310
11.09.2018;104290;104290;104290;104290
11.09.2018;104290;104300;104290;104300
11.09.2018;104270;104270;104270;104270
11.09.2018;104220;104230;104200;104200
11.09.2018;104190;104190;104140;104140
11.09.2018;104150;104170;104150;104170
11.09.2018;104250;104250;104210;104220
11.09.2018;104320;104320;104310;104310
11.09.2018;104350;104350;104350;104350
11.09.2018;104310;104310;104260;104260
11.09.2018;104260;104300;104260;104300
11.09.2018;104290;104290;104240;104240
11.09.2018;104250;104280;104250;104280
11.09.2018;104280;104280;104280;104280
11.09.2018;104310;104320;104300;104300
11.09.2018;104270;104270;104250;104250
11.09.2018;104250;104250;104230;104230
11.09.2018;104220;104220;104210;104210
11.09.2018;104250;104250;104250;104250
11.09.2018;104260;104310;104260;104310
11.09.2018;104310;104590;104310;104540
11.09.2018;104560;104700;104560;104590
11.09.2018;104590;104600;104520;104520
11.09.2018;104570;104580;104570;104580
11.09.2018;104550;104550;104550;104550
11.09.2018;104510;104510;104490;104490
11.09.2018;104530;104560;104530;104560
11.09.2018;104590;104640;104590;104590
11.09.2018;104600;104630;104600;104630
11.09.2018;104610;104640;104540;104540
11.09.2018;104570;104570;104550;104550
11.09.2018;104570;104570;104570;104570
11.09.2018;104540;104550;104540;104550
11.09.2018;104560;104570;104540;104570
11.09.2018;104570;104570;104540;104550
11.09.2018;104520;104520;104520;104520
11.09.2018;104550;104580;104540;104580
11.09.2018;104570;104570;104570;104570
11.09.2018;104580;104580;104550;104550
11.09.2018;104560;104560;104490;104550
11.09.2018;104550;104550;104550;104550
11.09.2018;104520;104520;104520;104520
11.09.2018;104510;104510;104500;104500
11.09.2018;104530;104530;104490;104490
11.09.2018;104480;104490;104430;104440
11.09.2018;104450;104450;104420;104450
11.09.2018;104450;104450;104450;104450
11.09.2018;104470;104470;104470;104470
11.09.2018;104420;104450;104420;104450
11.09.2018;104400;104440;104400;104440
11.09.2018;104450;104450;104410;104410
11.09.2018;104390;104410;104390;104410
11.09.2018;104350;104350;104340;104340
11.09.2018;104340;104340;104300;104300
11.09.2018;104310;104310;104230;104230
11.09.2018;104230;104270;104230;104270
11.09.2018;104270;104290;104270;104290
11.09.2018;104280;104330;104270;104330
11.09.2018;104340;104340;104340;104340
11.09.2018;104330;104350;104320;104320
11.09.2018;104340;104340;104340;104340
11.09.2018;104330;104330;104330;104330
11.09.2018;104340;104340;104340;104340
11.09.2018;104340;104360;104340;104360
11.09.2018;104300;104300;104300;104300
11.09.2018;104280;104280;104280;104280
11.09.2018;104260;104260;104250;104250
11.09.2018;104250;104260;104230;104240
11.09.2018;104240;104240;104210;104210
11.09.2018;104210;104240;103970;104000
11.09.2018;104000;104000;103900;103990
11.09.2018;103970;104000;103970;104000
11.09.2018;103940;103940;103930;103930
11.09.2018;103900;103900;103790;103790
11.09.2018;103770;103820;103760;103810
11.09.2018;103820;103850;103820;103820
11.09.2018;103850;103870;103850;103870
11.09.2018;103860;103910;103850;103910
11.09.2018;103910;103950;103910;103950
11.09.2018;103900;103900;103900;103900
11.09.2018;103930;103930;103930;103930
11.09.2018;103960;103960;103930;103930
11.09.2018;103960;103960;103960;103960
11.09.2018;103990;104000;103990;104000
11.09.2018;103940;103940;103900;103900
11.09.2018;103880;103880;103880;103880
11.09.2018;103870;103880;103870;103870
11.09.2018;103830;103830;103830;103830
11.09.2018;103910;103920;103860;103860
11.09.2018;103820;103860;103820;103860
11.09.2018;103870;103870;103870;103870
11.09.2018;103840;103840;103790;103790
11.09.2018;103760;103770;103760;103770
11.09.2018;103750;103750;103700;103720
11.09.2018;103710;103710;103690;103700
11.09.2018;103660;103660;103510;103510
11.09.2018;103560;103620;103540;103620
11.09.2018;103560;103600;103550;103600
11.09.2018;103630;103630;103630;103630
11.09.2018;103600;103600;103600;103600
11.09.2018;103590;103590;103580;103580
11.09.2018;103550;103570;103550;103570
11.09.2018;103600;103620;103600;103620
11.09.2018;103610;103620;103610;103610
11.09.2018;103610;103610;103610;103610
11.09.2018;103600;103600;103600;103600
11.09.2018;103620;103640;103620;103640
11.09.2018;103630;103630;103630;103630
11.09.2018;103630;103630;103630;103630
11.09.2018;103660;103660;103660;103660
11.09.2018;103700;103700;103700;103700
11.09.2018;103690;103690;103690;103690
11.09.2018;103640;103640;103640;103640
11.09.2018;103700;103860;103700;103860
11.09.2018;103870;103900;103870;103900
11.09.2018;103950;103950;103900;103900
11.09.2018;103920;103920;103920;103920
11.09.2018;103930;103930;103930;103930
11.09.2018;103880;103880;103880;103880
11.09.2018;103880;103900;103880;103900
11.09.2018;103860;103860;103860;103860
11.09.2018;103860;103860;103860;103860
11.09.2018;103910;103930;103910;103930
11.09.2018;103920;103930;103920;103930
11.09.2018;103900;103900;103900;103900
11.09.2018;103960;103970;103880;103880
11.09.2018;103900;103900;103900;103900
11.09.2018;103900;103900;103900;103900
11.09.2018;103870;103870;103860;103860
11.09.2018;103860;103860;103830;103830
11.09.2018;103820;103850;103820;103850
11.09.2018;103860;103860;103860;103860
11.09.2018;103840;103840;103840;103840
11.09.2018;103830;103830;103830;103830
11.09.2018;103860;103860;103860;103860
11.09.2018;103830;103830;103820;103820
11.09.2018;103750;103750;103750;103750
11.09.2018;103730;103730;103730;103730
11.09.2018;103770;103790;103770;103790
11.09.2018;103780;103800;103780;103800
11.09.2018;103840;103840;103840;103840
11.09.2018;103780;103780;103780;103780
11.09.2018;103810;103810;103810;103810
11.09.2018;103800;103800;103800;103800
11.09.2018;103780;103780;103780;103780
11.09.2018;103750;103750;103750;103750
11.09.2018;103730;103730;103730;103730
11.09.2018;103740;103810;103740;103800
11.09.2018;103830;103830;103830;103830
11.09.2018;103790;103790;103790;103790
11.09.2018;103700;103700;103690;103690
11.09.2018;103650;103740;103650;103740
11.09.2018;103690;103700;103690;103690
11.09.2018;103620;103650;103590;103650
11.09.2018;103700;103700;103700;103700
11.09.2018;103690;103690;103650;103650
11.09.2018;103680;103680;103660;103660
11.09.2018;103660;103660;103660;103660
11.09.2018;103630;103630;103630;103630
11.09.2018;103580;103580;103390;103410
11.09.2018;103430;103440;103410;103430
11.09.2018;103420;103420;103420;103420
11.09.2018;103430;103440;103400;103440
11.09.2018;103440;103440;103440;103440
11.09.2018;103400;103400;103400;103400
11.09.2018;103390;103430;103390;103390
11.09.2018;103400;103420;103390;103420
11.09.2018;103370;103380;103370;103380
11.09.2018;103420;103420;103380;103380
11.09.2018;103330;103350;103310;103350
11.09.2018;103370;103370;103290;103300
11.09.2018;103280;103280;103280;103280
11.09.2018;103250;103260;103240;103260
11.09.2018;103280;103300;103280;103300
11.09.2018;103300;103300;103300;103300
11.09.2018;103340;103340;103340;103340
11.09.2018;103320;103330;103320;103330
11.09.2018;103380;103380;103380;103380
11.09.2018;103370;103370;103370;103370
11.09.2018;103350;103350;103330;103330
11.09.2018;103390;103390;103390;103390
11.09.2018;103400;103400;103350;103350
11.09.2018;103350;103350;103350;103350
11.09.2018;103370;103380;103370;103380
11.09.2018;103360;103360;103360;103360
11.09.2018;103320;103350;103310;103350
11.09.2018;103350;103350;103350;103350
11.09.2018;103310;103310;103270;103270
11.09.2018;103250;103270;103240;103270
11.09.2018;103220;103230;103160;103190
11.09.2018;103150;103160;103040;103060
11.09.2018;103070;103160;103070;103120
11.09.2018;103140;103170;103140;103140
11.09.2018;103140;103180;103130;103170
11.09.2018;103160;103160;103080;103130
11.09.2018;103130;103150;103130;103140
11.09.2018;103180;103190;103140;103140
11.09.2018;103190;103220;103190;103220
11.09.2018;103270;103270;103260;103260
11.09.2018;103300;103300;103300;103300
11.09.2018;103290;103290;103250;103250
11.09.2018;103260;103260;103190;103190
11.09.2018;103150;103200;103100;103200
11.09.2018;103210;103210;103130;103130
11.09.2018;103140;103140;103070;103070
11.09.2018;103080;103110;103060;103110
11.09.2018;103120;103210;103120;103210
11.09.2018;103230;103230;103230;103230
11.09.2018;103250;103250;103250;103250
11.09.2018;103220;103220;103200;103200
11.09.2018;103210;103250;103210;103250
11.09.2018;103250;103250;103230;103240
11.09.2018;103240;103240;103170;103220
11.09.2018;103210;103220;103200;103220
11.09.2018;103240;103240;103240;103240
11.09.2018;103250;103250;103250;103250
11.09.2018;103250;103250;103250;103250
11.09.2018;103240;103250;103240;103250
11.09.2018;103300;103320;103300;103300
11.09.2018;103230;103230;103220;103220
11.09.2018;103270;103410;103260;103390
11.09.2018;103390;103450;103370;103440
11.09.2018;103440;103440;103420;103420
11.09.2018;103380;103400;103370;103400
11.09.2018;103390;103390;103310;103310
11.09.2018;103340;103360;103340;103360
11.09.2018;103370;103450;103370;103450
11.09.2018;103410;103420;103410;103420
11.09.2018;103490;103500;103490;103500
11.09.2018;103430;103430;103430;103430
11.09.2018;103380;103380;103370;103370
11.09.2018;103360;103360;103360;103360
11.09.2018;103340;103340;103300;103300
11.09.2018;103270;103290;103260;103260
11.09.2018;103280;103340;103280;103330
11.09.2018;103290;103290;103230;103290
11.09.2018;103310;103350;103310;103310
11.09.2018;103300;103300;103300;103300
11.09.2018;103330;103330;103330;103330
11.09.2018;103400;103450;103400;103450
11.09.2018;103410;103410;103410;103410
11.09.2018;103440;103450;103440;103440
11.09.2018;103450;103460;103450;103460
11.09.2018;103450;103460;103400;103400
11.09.2018;103420;103420;103380;103380
11.09.2018;103380;103380;103350;103350
11.09.2018;103350;103350;103340;103340
11.09.2018;103340;103350;103310;103350
11.09.2018;103330;103330;103320;103330
11.09.2018;103320;103320;103290;103290
11.09.2018;103270;103270;103270;103270
11.09.2018;103280;103330;103280;103330
11.09.2018;103360;103360;103350;103350
11.09.2018;103300;103320;103300;103320
11.09.2018;103300;103300;103290;103290
11.09.2018;103300;103320;103290;103320
11.09.2018;103310;103310;103310;103310
11.09.2018;103340;103350;103340;103350
11.09.2018;103330;103330;103330;103330
11.09.2018;103300;103300;103160;103160
11.09.2018;103170;103220;103120;103220
11.09.2018;103210;103300;103210;103300
11.09.2018;103290;103290;103290;103290
11.09.2018;103320;103320;103320;103320
11.09.2018;103320;103330;103300;103330
11.09.2018;103380;103380;103350;103350
11.09.2018;103400;103450;103400;103410
11.09.2018;103390;103390;103370;103380
11.09.2018;103410;103410;103410;103410
11.09.2018;103400;103520;103380;103440
11.09.2018;103400;103480;103400;103470
11.09.2018;103480;103480;103460;103460
11.09.2018;103450;103460;103450;103450
11.09.2018;103440;103440;103440;103440
11.09.2018;103480;103480;103470;103470
11.09.2018;103500;103650;103500;103650
11.09.2018;103650;103720;103650;103660
11.09.2018;103650;103650;103590;103590
11.09.2018;103620;103620;103570;103580
11.09.2018;103580;103580;103570;103570
11.09.2018;103560;103560;103530;103530
11.09.2018;103510;103510;103440;103500
11.09.2018;103500;103590;103500;103590
11.09.2018;103570;103570;103570;103570
11.09.2018;103600;103840;103600;103840
11.09.2018;103870;103920;103770;103780
11.09.2018;103780;103780;103760;103760
11.09.2018;103750;103750;103750;103750
11.09.2018;103760;103760;103750;103750
11.09.2018;103760;103800;103720;103790
11.09.2018;103800;103820;103780;103820
11.09.2018;103830;103830;103830;103830
11.09.2018;103800;103800;103790;103790
11.09.2018;103770;103770;103730;103730
11.09.2018;103690;103690;103690;103690
11.09.2018;103690;103760;103690;103760
11.09.2018;103800;103800;103770;103780
11.09.2018;103780;103810;103780;103810
11.09.2018;103840;103850;103800;103800
11.09.2018;103800;103800;103780;103780
11.09.2018;103800;103830;103800;103800
11.09.2018;103850;103850;103840;103840
11.09.2018;103880;103880;103860;103860
11.09.2018;103870;103870;103850;103850
11.09.2018;103890;103940;103890;103900
11.09.2018;103930;104060;103930;104030
11.09.2018;104000;104020;103980;103980
11.09.2018;104020;104020;104000;104000
11.09.2018;104050;104120;104050;104110
11.09.2018;104130;104140;104100;104100
11.09.2018;104090;104090;104060;104080
11.09.2018;104060;104060;104050;104050
11.09.2018;104040;104080;104040;104080
11.09.2018;104000;104000;104000;104000
11.09.2018;103990;104020;103990;103990
11.09.2018;103950;103950;103950;103950
11.09.2018;103950;103950;103950;103950
11.09.2018;103960;103980;103960;103980
11.09.2018;103970;103970;103900;103900
11.09.2018;103870;103990;103870;103960
11.09.2018;103920;103920;103920;103920
11.09.2018;103870;103880;103780;103800
11.09.2018;103790;103840;103790;103790
11.09.2018;103820;103820;103820;103820
11.09.2018;103810;103810;103810;103810
11.09.2018;103750;103760;103720;103760
11.09.2018;103750;103750;103750;103750
11.09.2018;103800;103830;103800;103830
11.09.2018;103900;103910;103900;103910
11.09.2018;103970;103970;103930;103930
11.09.2018;103990;104000;103990;103990
11.09.2018;104040;104050;104040;104050
11.09.2018;104090;104230;104090;104180
11.09.2018;104180;104180;104130;104130
11.09.2018;104110;104110;104100;104100
11.09.2018;104050;104050;104050;104050
11.09.2018;104150;104150;104130;104130
11.09.2018;104130;104200;104130;104170
11.09.2018;104160;104160;104160;104160
11.09.2018;104180;104180;104180;104180
11.09.2018;104180;104180;104180;104180
11.09.2018;104160;104190;104140;104140
11.09.2018;104200;104200;104190;104190
11.09.2018;104250;104270;104230;104250
11.09.2018;104270;104270;104230;104250
11.09.2018;104300;104340;104290;104330
11.09.2018;104330;104330;104260;104260
11.09.2018;104260;104270;104250;104270
11.09.2018;104200;104200;104200;104200
11.09.2018;104260;104260;104240;104240
11.09.2018;104290;104290;104290;104290
11.09.2018;104300;104300;104300;104300
11.09.2018;104300;104300;104300;104300
11.09.2018;104300;104300;104300;104300
11.09.2018;104310;104310;104290;104290
11.09.2018;104320;104320;104310;104310
11.09.2018;104340;104340;104310;104310
11.09.2018;104350;104350;104350;104350
11.09.2018;104350;104400;104350;104380
11.09.2018;104370;104370;104370;104370
11.09.2018;104330;104400;104330;104400
11.09.2018;104390;104430;104390;104410
11.09.2018;104390;104440;104390;104390
11.09.2018;104370;104370;104350;104350
11.09.2018;104360;104360;104350;104360
11.09.2018;104340;104360;104340;104360
11.09.2018;104420;104420;104420;104420
11.09.2018;104400;104400;104370;104370
11.09.2018;104370;104370;104370;104370
11.09.2018;104400;104400;104360;104360
11.09.2018;104430;104430;104400;104420
11.09.2018;104450;104450;104440;104440
11.09.2018;104380;104440;104370;104440
11.09.2018;104480;104810;104480;104660
11.09.2018;104690;104740;104670;104690
11.09.2018;104670;104670;104620;104620
11.09.2018;104620;104620;104620;104620
11.09.2018;104610;104610;104610;104610
11.09.2018;104610;104670;104600;104600
11.09.2018;104640;104640;104550;104600
11.09.2018;104600;104600;104600;104600
11.09.2018;104580;104600;104580;104600
11.09.2018;104600;104620;104600;104620
11.09.2018;104580;104580;104550;104560
11.09.2018;104590;104670;104580;104600
11.09.2018;104570;104600;104570;104600
11.09.2018;104610;104670;104610;104670
11.09.2018;104600;104600;104600;104600
11.09.2018;104570;104570;104570;104570
11.09.2018;104600;104600;104560;104560
11.09.2018;104560;104560;104560;104560
11.09.2018;104510;104550;104500;104500
11.09.2018;104500;104510;104500;104510
11.09.2018;104510;104510;104510;104510
11.09.2018;104510;104510;104510;104510
11.09.2018;104500;104500;104500;104500
11.09.2018;104520;104520;104520;104520
11.09.2018;104490;104550;104470;104550
11.09.2018;104550;104560;104550;104560
11.09.2018;104640;104700;104640;104700
11.09.2018;104700;104700;104640;104640
11.09.2018;104660;104660;104660;104660
11.09.2018;104680;104680;104680;104680
11.09.2018;104620;104620;104620;104620
11.09.2018;104610;104610;104610;104610
11.09.2018;104650;104650;104650;104650
11.09.2018;104680;104720;104680;104720
11.09.2018;104670;104670;104670;104670
11.09.2018;104650;104650;104630;104630
11.09.2018;104620;104620;104620;104620
11.09.2018;104640;104640;104640;104640
11.09.2018;104670;104670;104670;104670
11.09.2018;104640;104670;104630;104640
11.09.2018;104630;104650;104630;104650
11.09.2018;104650;104700;104650;104700
11.09.2018;104650;104650;104650;104650
11.09.2018;104640;104640;104640;104640
11.09.2018;104620;104620;104620;104620
11.09.2018;104630;104700;104630;104700
11.09.2018;104670;104670;104670;104670
11.09.2018;104640;104640;104450;104530
11.09.2018;104580;104580;104540;104540
11.09.2018;104500;104500;104370;104370
11.09.2018;104430;104500;104430;104500
11.09.2018;104490;104490;104490;104490
11.09.2018;104430;104490;104430;104460
11.09.2018;104470;104470;104470;104470
11.09.2018;104480;104480;104470;104470
11.09.2018;104480;104480;104470;104470
11.09.2018;104450;104450;104450;104450
11.09.2018;104460;104460;104460;104460
11.09.2018;104460;104460;104460;104460
11.09.2018;104470;104470;104460;104460
11.09.2018;104540;104540;104540;104540
11.09.2018;104550;104550;104550;104550
11.09.2018;104520;104520;104520;104520
11.09.2018;104480;104480;104480;104480
11.09.2018;104440;104440;104440;104440
11.09.2018;104380;104420;104370;104380
11.09.2018;104360;104360;104340;104350
11.09.2018;104360;104360;104350;104350
11.09.2018;104370;104370;104370;104370
11.09.2018;104370;104370;104370;104370
11.09.2018;104390;104420;104390;104420
11.09.2018;104450;104450;104400;104400
11.09.2018;104400;104400;104400;104400
11.09.2018;104430;104430;104430;104430
11.09.2018;104400;104400;104400;104400
11.09.2018;104420;104420;104420;104420
11.09.2018;104470;104470;104470;104470
11.09.2018;104500;104500;104500;104500
11.09.2018;104490;104490;104490;104490
11.09.2018;104530;104540;104500;104500
11.09.2018;104540;104540;104540;104540
11.09.2018;104540;104540;104540;104540
11.09.2018;104530;104570;104530;104570
11.09.2018;104580;104590;104570;104570
11.09.2018;104570;104600;104570;104600
11.09.2018;104640;104640;104590;104590
11.09.2018;104630;104630;104630;104630
11.09.2018;104630;104650;104630;104650
11.09.2018;104630;104630;104630;104630
11.09.2018;104650;104650;104650;104650
11.09.2018;104630;104630;104630;104630
11.09.2018;104610;104610;104600;104600
11.09.2018;104600;104600;104590;104590
11.09.2018;104580;104580;104580;104580
11.09.2018;104580;104580;104580;104580
11.09.2018;104590;104590;104590;104590
11.09.2018;104680;104720;104680;104720
11.09.2018;104750;104750;104740;104740
11.09.2018;104760;104760;104760;104760
11.09.2018;104750;104800;104750;104800
11.09.2018;104780;104780;104780;104780
11.09.2018;104810;104930;104810;104830
11.09.2018;104850;104850;104850;104850
11.09.2018;104850;104860;104850;104860
11.09.2018;104870;104930;104870;104900
11.09.2018;104850;104850;104850;104850
11.09.2018;104880;104880;104880;104880
11.09.2018;104880;104890;104880;104890
11.09.2018;104880;104880;104880;104880
11.09.2018;104920;104940;104920;104920
11.09.2018;104880;104880;104880;104880
11.09.2018;104930;104930;104930;104930
11.09.2018;104930;104930;104930;104930
11.09.2018;104920;104920;104920;104920
11.09.2018;104920;104920;104920;104920
11.09.2018;104920;104920;104920;104920
11.09.2018;104900;104900;104900;104900
11.09.2018;104910;104910;104900;104900
11.09.2018;104890;105090;104890;105090
11.09.2018;105080;105080;105080;105080
11.09.2018;105070;105130;105070;105130
11.09.2018;105110;105150;105110;105150
11.09.2018;105100;105100;105100;105100
11.09.2018;105100;105110;105100;105100
11.09.2018;105150;105190;105150;105190
11.09.2018;105200;105200;105180;105180
11.09.2018;105180;105180;105180;105180
11.09.2018;105180;105200;105180;105200
11.10.2018;112130;112230;111340;111370
11.10.2018;111370;111570;111300;111540
11.10.2018;111540;111550;111380;111450
11.10.2018;111460;111480;111320;111390
11.10.2018;111390;111460;111300;111310
11.10.2018;111310;111490;111280;111480
11.10.2018;111480;111840;111460;111750
11.10.2018;111740;111820;111680;111790
11.10.2018;111780;112210;111780;112180
11.10.2018;112190;112270;112100;112150
11.10.2018;112150;112180;111900;111910
11.10.2018;111910;111940;111770;111910
11.10.2018;111920;111940;111790;111860
11.10.2018;111850;111980;111830;111940
11.10.2018;111920;111970;111870;111940
11.10.2018;111950;111950;111830;111860
11.10.2018;111850;111950;111840;111880
11.10.2018;111890;111990;111880;111980
11.10.2018;111990;112130;111960;112110
11.10.2018;112110;112190;112060;112110
11.10.2018;112120;112230;112090;112220
11.10.2018;112230;112380;112180;112350
11.10.2018;112360;112440;112340;112350
11.10.2018;112340;112430;112340;112360
11.10.2018;112350;112480;112350;112430
11.10.2018;112440;112470;112350;112380
11.10.2018;112380;112470;112380;112450
11.10.2018;112460;112580;112430;112480
11.10.2018;112470;112510;112450;112480
11.10.2018;112480;112530;112420;112450
11.10.2018;112450;112500;112360;112380
11.10.2018;112390;112410;112350;112370
11.10.2018;112360;112410;112350;112390
11.10.2018;112370;112490;112370;112470
11.10.2018;112470;112500;112410;112420
11.10.2018;112420;112500;112380;112450
11.10.2018;112470;112490;112370;112390
11.10.2018;112400;112470;112360;112430
11.10.2018;112420;112420;112350;112360
11.10.2018;112360;112370;112240;112260
11.10.2018;112260;112300;112240;112250
11.10.2018;112240;112250;112120;112120
11.10.2018;112140;112240;112120;112200
11.10.2018;112190;112210;112130;112180
11.10.2018;112180;112230;112150;112220
11.10.2018;112220;112300;112150;112150
11.10.2018;112170;112280;112170;112170
11.10.2018;112160;112170;112010;112090
11.10.2018;112090;112170;112060;112070
11.10.2018;112060;112110;111950;111980
11.10.2018;111980;111980;111810;111850
11.10.2018;111840;111890;111800;111890
11.10.2018;111890;111910;111840;111860
11.10.2018;111850;111890;111800;111800
11.10.2018;111810;111870;111770;111770
11.10.2018;111770;111830;111730;111790
11.10.2018;111800;111800;111710;111800
11.10.2018;111790;111860;111750;111760
11.10.2018;111770;111770;111670;111690
11.10.2018;111700;111700;111620;111700
11.10.2018;111710;111790;111660;111780
11.10.2018;111770;111800;111700;111750
11.10.2018;111730;111970;111720;111940
11.10.2018;111940;111950;111850;111860
11.10.2018;111850;111910;111830;111880
11.10.2018;111860;111880;111710;111750
11.10.2018;111760;111810;111740;111770
11.10.2018;111790;111920;111790;111850
11.10.2018;111840;111850;111740;111810
11.10.2018;111800;111890;111780;111880
11.10.2018;111860;111900;111770;111800
11.10.2018;111820;111890;111790;111860
11.10.2018;111860;111910;111830;111910
11.10.2018;111910;111950;111860;111870
11.10.2018;111860;111950;111810;111900
11.10.2018;111910;111940;111850;111930
11.10.2018;111930;111940;111870;111900
11.10.2018;111890;111890;111790;111830
11.10.2018;111840;111840;111710;111760
11.10.2018;111780;111850;111740;111820
11.10.2018;111810;111880;111770;111860
11.10.2018;111860;111940;111860;111940
11.10.2018;111940;112070;111920;112060
11.10.2018;112070;112100;112030;112050
11.10.2018;112050;112050;111910;111920
11.10.2018;111920;111930;111770;111790
11.10.2018;111770;111810;111730;111740
11.10.2018;111740;111810;111660;111790
11.10.2018;111780;111870;111750;111850
11.10.2018;111850;111860;111720;111770
11.10.2018;111760;111820;111710;111820
11.10.2018;111810;111820;111660;111800
11.10.2018;111800;111810;111760;111800
11.10.2018;111800;111800;111670;111710
11.10.2018;111700;111740;111600;111620
11.10.2018;111620;111680;111560;111650
11.10.2018;111650;111670;111560;111600
11.10.2018;111580;111650;111560;111600
11.10.2018;111590;111650;111580;111630
11.10.2018;111630;111690;111620;111670
11.10.2018;111670;111700;111600;111610
11.10.2018;111610;111620;111510;111560
11.10.2018;111550;111640;111500;111640
11.10.2018;111640;111650;111580;111620
11.10.2018;111620;111640;111550;111580
11.10.2018;111580;111630;111540;111610
11.10.2018;111620;111690;111600;111680
11.10.2018;111670;111700;111630;111640
11.10.2018;111630;111630;111450;111450
11.10.2018;111470;111520;111450;111450
11.10.2018;111440;111510;111440;111500
11.10.2018;111500;111550;111440;111450
11.10.2018;111450;111450;111370;111400
11.10.2018;111400;111420;111210;111240
11.10.2018;111250;111330;111200;111260
11.10.2018;111250;111330;111220;111330
11.10.2018;111330;111340;111220;111270
11.10.2018;111270;111350;111220;111310
11.10.2018;111300;111320;111250;111280
11.10.2018;111290;111340;111240;111250
11.10.2018;111250;111250;111130;111170
11.10.2018;111180;111340;111170;111270
11.10.2018;111280;111300;111240;111300
11.10.2018;111300;111320;111270;111300
11.10.2018;111300;111410;111290;111390
11.10.2018;111390;111400;111280;111300
11.10.2018;111310;111370;111290;111290
11.10.2018;111290;111300;111220;111250
11.10.2018;111250;111260;111150;111160
11.10.2018;111150;111170;111060;111070
11.10.2018;111060;111140;111000;111140
11.10.2018;111140;111480;111120;111420
11.10.2018;111430;111440;111310;111320
11.10.2018;111330;111420;111290;111420
11.10.2018;111410;111480;111410;111460
11.10.2018;111440;111460;111300;111340
11.10.2018;111330;111350;111260;111320
11.10.2018;111320;111460;111320;111410
11.10.2018;111420;111450;111360;111360
11.10.2018;111360;111380;111300;111340
11.10.2018;111350;111390;111330;111390
11.10.2018;111380;111430;111350;111420
11.10.2018;111420;111440;111300;111300
11.10.2018;111310;111350;111310;111340
11.10.2018;111330;111420;111300;111370
11.10.2018;111370;111390;111330;111340
11.10.2018;111330;111360;111270;111280
11.10.2018;111290;111300;111270;111290
11.10.2018;111280;111300;111180;111260
11.10.2018;111270;111360;111250;111350
11.10.2018;111330;111340;111250;111300
11.10.2018;111290;111290;111210;111240
11.10.2018;111250;111390;111220;111390
11.10.2018;111390;111390;111310;111320
11.10.2018;111330;111350;111300;111320
11.10.2018;111310;111340;111280;111300
11.10.2018;111310;111330;111260;111290
11.10.2018;111290;111290;111220;111270
11.10.2018;111250;111370;111250;111360
11.10.2018;111360;111420;111320;111320
11.10.2018;111330;111350;111310;111340
11.10.2018;111340;111350;111110;111190
11.10.2018;111190;111260;111150;111230
11.10.2018;111230;111240;111180;111240
11.10.2018;111240;111240;111150;111180
11.10.2018;111180;111310;111180;111270
11.10.2018;111280;111360;111270;111330
11.10.2018;111320;111360;111300;111330
11.10.2018;111320;111340;111270;111330
11.10.2018;111340;111340;111270;111290
11.10.2018;111280;111390;111270;111380
11.10.2018;111380;111420;111340;111360
11.10.2018;111360;111410;111350;111390
11.10.2018;111400;111600;111400;111520
11.10.2018;111520;111590;111520;111560
11.10.2018;111570;111570;111440;111450
11.10.2018;111460;111500;111440;111470
11.10.2018;111480;111500;111390;111400
11.10.2018;111400;111490;111380;111480
11.10.2018;111460;111540;111420;111520
11.10.2018;111510;111650;111500;111600
11.10.2018;111600;111620;111450;111450
11.10.2018;111470;111530;111410;111530
11.10.2018;111530;111660;111510;111650
11.10.2018;111640;111670;111590;111650
11.10.2018;111650;111670;111530;111570
11.10.2018;111550;111580;111500;111530
11.10.2018;111550;111570;111470;111490
11.10.2018;111490;111540;111470;111510
11.10.2018;111500;111520;111490;111500
11.10.2018;111510;111530;111440;111480
11.10.2018;111480;111500;111470;111490
11.10.2018;111470;111480;111420;111460
11.10.2018;111460;111500;111460;111460
11.10.2018;111460;111560;111460;111520
11.10.2018;111520;111530;111430;111450
11.10.2018;111470;111500;111440;111470
11.10.2018;111470;111480;111400;111450
11.10.2018;111440;111460;111380;111400
11.10.2018;111400;111450;111400;111420
11.10.2018;111420;111440;111380;111400
11.10.2018;111410;111410;111310;111370
11.10.2018;111370;111440;111330;111430
11.10.2018;111420;111430;111350;111370
11.10.2018;111380;111390;111320;111320
11.10.2018;111330;111380;111290;111350
11.10.2018;111370;111400;111330;111390
11.10.2018;111400;111420;111360;111420
11.10.2018;111420;111480;111400;111480
11.10.2018;111460;111490;111380;111410
11.10.2018;111410;111430;111360;111370
11.10.2018;111360;111390;111320;111340
11.10.2018;111350;111390;111320;111370
11.10.2018;111370;111400;111340;111370
11.10.2018;111370;111380;111330;111360
11.10.2018;111350;111380;111290;111310
11.10.2018;111310;111390;111300;111380
11.10.2018;111370;111370;111320;111350
11.10.2018;111330;111370;111320;111320
11.10.2018;111320;111350;111300;111340
11.10.2018;111330;111350;111290;111310
11.10.2018;111320;111340;111290;111330
11.10.2018;111330;111330;111260;111270
11.10.2018;111280;111280;111190;111210
11.10.2018;111200;111220;111170;111200
11.10.2018;111200;111240;111160;111170
11.10.2018;111180;111210;111140;111200
11.10.2018;111210;111230;111190;111210
11.10.2018;111210;111340;111210;111320
11.10.2018;111330;111440;111320;111380
11.10.2018;111380;111420;111370;111410
11.10.2018;111410;111500;111410;111490
11.10.2018;111490;111500;111410;111420
11.10.2018;111420;111490;111420;111440
11.10.2018;111450;111500;111420;111490
11.10.2018;111490;111510;111450;111460
11.10.2018;111480;111520;111480;111510
11.10.2018;111510;111510;111470;111470
11.10.2018;111480;111480;111400;111400
11.10.2018;111420;111450;111380;111400
11.10.2018;111410;111610;111400;111570
11.10.2018;111580;111600;111530;111570
11.10.2018;111590;111700;111570;111690
11.10.2018;111700;111730;111640;111650
11.10.2018;111650;111760;111650;111730
11.10.2018;111720;111760;111600;111630
11.10.2018;111620;111680;111620;111680
11.10.2018;111680;111710;111630;111710
11.10.2018;111690;111710;111640;111680
11.10.2018;111670;111720;111590;111590
11.10.2018;111590;111630;111530;111560
11.10.2018;111550;111580;111490;111570
11.10.2018;111580;111640;111560;111600
11.10.2018;111590;111590;111420;111460
11.10.2018;111460;111550;111450;111520
11.10.2018;111510;111620;111500;111600
11.10.2018;111590;111640;111530;111560
11.10.2018;111570;111580;111550;111560
11.10.2018;111560;111630;111510;111610
11.10.2018;111600;111630;111520;111610
11.10.2018;111610;111620;111560;111610
11.10.2018;111600;111610;111530;111530
11.10.2018;111520;111570;111490;111570
11.10.2018;111560;111620;111560;111600
11.10.2018;111610;111610;111470;111470
11.10.2018;111480;111550;111470;111490
11.10.2018;111510;111530;111460;111460
11.10.2018;111460;111500;111360;111420
11.10.2018;111440;111480;111380;111460
11.10.2018;111450;111460;111380;111440
11.10.2018;111440;111440;111340;111350
11.10.2018;111360;111390;111330;111380
11.10.2018;111380;111390;111320;111350
11.10.2018;111340;111340;111290;111320
11.10.2018;111320;111420;111300;111410
11.10.2018;111400;111420;111350;111410
11.10.2018;111400;111430;111400;111430
11.10.2018;111430;111500;111420;111480
11.10.2018;111480;111520;111470;111520
11.10.2018;111520;111550;111460;111490
11.10.2018;111480;111530;111480;111510
11.10.2018;111510;111540;111490;111540
11.10.2018;111540;111600;111530;111580
11.10.2018;111570;111600;111560;111580
11.10.2018;111570;111610;111560;111600
11.10.2018;111610;111610;111570;111590
11.10.2018;111580;111640;111570;111640
11.10.2018;111640;111660;111590;111640
11.10.2018;111640;111710;111630;111670
11.10.2018;111670;111710;111530;111550
11.10.2018;111550;111600;111530;111540
11.10.2018;111550;111570;111430;111450
11.10.2018;111440;111490;111410;111490
11.10.2018;111470;111530;111470;111510
11.10.2018;111520;111530;111470;111480
11.10.2018;111480;111540;111450;111490
11.10.2018;111500;111520;111480;111510
11.10.2018;111500;111540;111460;111520
11.10.2018;111510;111550;111510;111540
11.10.2018;111530;111550;111380;111480
11.10.2018;111470;111550;111450;111520
11.10.2018;111520;111530;111480;111520
11.10.2018;111530;111530;111480;111480
11.10.2018;111490;111510;111420;111510
11.10.2018;111500;111530;111470;111490
11.10.2018;111490;111550;111490;111540
11.10.2018;111550;111600;111540;111560
11.10.2018;111560;111600;111540;111550
11.10.2018;111550;111550;111400;111420
11.10.2018;111420;111450;111400;111400
11.10.2018;111400;111410;111360;111360
11.10.2018;111370;111430;111370;111420
11.10.2018;111420;111480;111410;111470
11.10.2018;111470;111490;111440;111460
11.10.2018;111460;111510;111450;111510
11.10.2018;111510;111530;111480;111490
11.10.2018;111490;111560;111490;111540
11.10.2018;111550;111570;111530;111540
11.10.2018;111550;111560;111510;111520
11.10.2018;111520;111530;111470;111480
11.10.2018;111480;111520;111470;111500
11.10.2018;111490;111500;111450;111470
11.10.2018;111480;111510;111460;111500
11.10.2018;111510;111630;111510;111630
11.10.2018;111610;111630;111570;111570
11.10.2018;111590;112200;111580;112190
11.10.2018;112200;112520;112190;112380
11.10.2018;112400;112410;112140;112180
11.10.2018;112180;112350;112150;112240
11.10.2018;112230;112370;112210;112360
11.10.2018;112360;112460;112280;112370
11.10.2018;112360;112440;112320;112360
11.10.2018;112350;112390;112180;112220
11.10.2018;112230;112370;112230;112330
11.10.2018;112330;112570;112330;112470
11.10.2018;112480;112490;112390;112410
11.10.2018;112420;112550;112380;112430
11.10.2018;112440;112450;112300;112350
11.10.2018;112340;112380;112310;112340
11.10.2018;112350;112460;112320;112430
11.10.2018;112450;112460;112280;112350
11.10.2018;112350;112350;112270;112350
11.10.2018;112340;112370;112310;112360
11.10.2018;112370;112450;112350;112410
11.10.2018;112420;112480;112370;112370
11.10.2018;112370;112450;112340;112450
11.10.2018;112450;112640;112440;112510
11.10.2018;112520;112580;112470;112530
11.10.2018;112530;112640;112530;112590
11.10.2018;112600;112700;112570;112670
11.10.2018;112670;112770;112650;112760
11.10.2018;112760;112800;112650;112680
11.10.2018;112690;112720;112640;112680
11.10.2018;112670;112690;112620;112640
11.10.2018;112630;112640;112480;112510
11.10.2018;112510;112710;112480;112630
11.10.2018;112660;112660;112560;112570
11.10.2018;112570;112630;112520;112530
11.10.2018;112520;112590;112310;112370
11.10.2018;112360;112390;112270;112270
11.10.2018;112270;112390;112260;112340
11.10.2018;112350;112480;112340;112410
11.10.2018;112400;112600;112390;112590
11.10.2018;112590;112640;112490;112510
11.10.2018;112510;112530;112380;112500
11.10.2018;112510;112630;112500;112620
11.10.2018;112630;112660;112560;112640
11.10.2018;112650;112660;112570;112660
11.10.2018;112660;112750;112650;112690
11.10.2018;112690;112780;112690;112720
11.10.2018;112730;112740;112470;112500
11.10.2018;112510;112740;112500;112680
11.10.2018;112680;112680;112590;112630
11.10.2018;112620;112620;112500;112530
11.10.2018;112520;112540;112480;112510
11.10.2018;112490;112520;112440;112490
11.10.2018;112490;112530;112470;112510
11.10.2018;112520;112630;112510;112610
11.10.2018;112600;112640;112540;112590
11.10.2018;112600;112710;112600;112660
11.10.2018;112650;112690;112640;112670
11.10.2018;112690;112690;112500;112500
11.10.2018;112500;112560;112460;112490
11.10.2018;112500;112520;112410;112420
11.10.2018;112420;112530;112370;112480
11.10.2018;112470;112470;112340;112420
11.10.2018;112420;112800;112410;112660
11.10.2018;112660;112800;112590;112680
11.10.2018;112680;112840;112460;112490
11.10.2018;112500;112670;112450;112540
11.10.2018;112560;112610;112470;112500
11.10.2018;112500;112500;112380;112450
11.10.2018;112440;112520;112410;112460
11.10.2018;112460;112480;112310;112320
11.10.2018;112310;112310;112010;112040
11.10.2018;112030;112100;111930;111970
11.10.2018;111960;111990;111910;111910
11.10.2018;111920;111970;111760;111920
11.10.2018;111910;112130;111860;112090
11.10.2018;112080;112110;111970;112000
11.10.2018;112000;112350;111940;112310
11.10.2018;112310;112460;112270;112430
11.10.2018;112440;112490;112340;112470
11.10.2018;112470;112570;112420;112500
11.10.2018;112500;112710;112490;112670
11.10.2018;112670;112820;112670;112810
11.10.2018;112810;112900;112760;112870
11.10.2018;112870;112930;112790;112810
11.10.2018;112810;112820;112710;112730
11.10.2018;112720;112790;112680;112710
11.10.2018;112710;112790;112630;112760
11.10.2018;112750;112760;112680;112730
11.10.2018;112740;112910;112700;112910
11.10.2018;112920;112950;112850;112920
11.10.2018;112920;112960;112870;112880
11.10.2018;112870;112970;112790;112790
11.10.2018;112800;112890;112770;112790
11.10.2018;112790;112820;112700;112740
11.10.2018;112730;112760;112670;112740
11.10.2018;112760;112780;112560;112570
11.10.2018;112560;112650;112500;112510
11.10.2018;112520;112650;112500;112620
11.10.2018;112610;112670;112570;112600
11.10.2018;112590;112850;112590;112770
11.10.2018;112780;112870;112770;112810
11.10.2018;112810;112890;112690;112740
11.10.2018;112750;112820;112730;112760
11.10.2018;112780;112780;112600;112610
11.10.2018;112610;112690;112580;112660
11.10.2018;112670;112770;112660;112670
11.10.2018;112670;112670;112540;112640
11.10.2018;112630;112630;112470;112480
11.10.2018;112470;112540;112420;112520
11.10.2018;112540;112580;112450;112450
11.10.2018;112450;112600;112450;112580
11.10.2018;112580;112590;112510;112570
11.10.2018;112570;112620;112540;112550
11.10.2018;112570;112590;112460;112480
11.10.2018;112500;112560;112480;112540
11.10.2018;112520;112530;112360;112360
11.10.2018;112360;112410;112310;112410
11.10.2018;112400;112520;112380;112510
11.10.2018;112510;112580;112470;112550
11.10.2018;112560;112590;112470;112480
11.10.2018;112500;112530;112450;112530
11.10.2018;112520;112630;112500;112630
11.10.2018;112630;112740;112600;112610
11.10.2018;112600;112690;112580;112620
11.10.2018;112620;112640;112500;112520
11.10.2018;112520;112560;112470;112540
11.10.2018;112540;112570;112510;112530
11.10.2018;112510;112650;112470;112610
11.10.2018;112600;112700;112590;112620
11.10.2018;112610;112630;112390;112410
11.10.2018;112400;112500;112400;112450
11.10.2018;112450;112510;112420;112460
11.10.2018;112460;112600;112420;112580
11.10.2018;112580;112580;112520;112540
11.10.2018;112550;112640;112490;112500
11.10.2018;112490;112660;112490;112620
11.10.2018;112630;112740;112510;112550
11.10.2018;112560;112570;112470;112490
11.10.2018;112490;112530;112430;112520
11.10.2018;112510;112610;112500;112580
11.10.2018;112580;112610;112430;112440
11.10.2018;112430;112580;112430;112570
11.10.2018;112560;112590;112520;112540
11.10.2018;112530;112540;112440;112480
11.10.2018;112490;112540;112350;112380
11.10.2018;112390;112470;112350;112470
11.10.2018;112460;112530;112390;112430
11.10.2018;112420;112500;112410;112410
11.10.2018;112410;112430;112300;112380
11.10.2018;112370;112520;112360;112450
11.10.2018;112450;112450;112340;112440
11.10.2018;112420;112490;112210;112290
11.10.2018;112280;112320;112250;112310
11.10.2018;112310;112430;112310;112400
11.10.2018;112400;112440;112370;112400
11.10.2018;112390;112400;112210;112240
11.10.2018;112260;112270;112150;112200
11.10.2018;112200;112270;112130;112230
11.10.2018;112240;112300;112230;112280
11.10.2018;112280;112300;112120;112120
11.10.2018;112120;112150;112070;112080
11.10.2018;112070;112130;111900;111910
11.10.2018;111910;112000;111810;111810
11.10.2018;111830;111870;111650;111680
11.10.2018;111670;111740;111600;111700
11.10.2018;111700;111740;111620;111640
11.10.2018;111640;111880;111570;111830
11.10.2018;111820;111840;111730;111810
11.10.2018;111830;111990;111740;111980
11.10.2018;111970;112040;111940;111970
11.10.2018;111970;111980;111910;111970
11.10.2018;111960;112100;111940;112070
11.10.2018;112080;112090;111950;112040
11.10.2018;112040;112120;111970;112100
11.10.2018;112110;112210;112040;112200
11.10.2018;112200;112250;112160;112240
11.10.2018;112230;112300;112180;112180
11.10.2018;112180;112250;112160;112240
11.10.2018;112250;112290;112200;112270
11.10.2018;112290;112330;112240;112250
11.10.2018;112260;112270;112180;112250
11.10.2018;112270;112280;112140;112150
11.10.2018;112160;112180;112070;112140
11.10.2018;112140;112250;112120;112240
11.10.2018;112240;112410;112220;112350
11.10.2018;112370;112440;112320;112440
11.10.2018;112430;112430;112280;112300
11.10.2018;112300;112330;112230;112320
11.10.2018;112310;112380;112260;112310
11.10.2018;112310;112340;112280;112330
11.10.2018;112330;112360;112250;112340
11.10.2018;112330;112510;112330;112490
11.10.2018;112500;112540;112470;112500
11.10.2018;112520;112550;112470;112540
11.10.2018;112540;112550;112480;112540
11.10.2018;112530;112550;112480;112530
11.10.2018;112560;113290;112560;113180
11.10.2018;113160;113300;113030;113050
11.10.2018;113040;113080;112940;112940
11.10.2018;112940;113000;112920;112970
11.10.2018;112970;113040;112930;112940
11.10.2018;112950;113060;112930;112990
11.10.2018;113000;113010;112930;112960
11.10.2018;112960;112980;112880;112890
11.10.2018;112910;112970;112890;112910
11.10.2018;112920;113000;112890;112910
11.10.2018;112910;112970;112890;112920
11.10.2018;112910;112920;112880;112910
11.10.2018;112920;112940;112890;112910
11.10.2018;112900;112940;112890;112920
11.10.2018;112930;113000;112910;112980
11.10.2018;112970;113160;112970;113140
11.10.2018;113150;113200;113150;113180
11.10.2018;113180;113270;113160;113250
11.10.2018;113250;113350;113230;113340
11.10.2018;113340;113480;113330;113350
11.10.2018;113360;113390;113300;113330
11.10.2018;113320;113360;113300;113330
11.10.2018;113320;113420;113320;113360
11.10.2018;113350;113380;113330;113370
11.10.2018;113360;113430;113350;113400
11.10.2018;113400;113410;113340;113340
11.10.2018;113340;113390;113320;113380
11.10.2018;113370;113450;113370;113430
11.10.2018;113440;113440;113320;113330
11.10.2018;113320;113330;113260;113290
11.10.2018;113290;113420;113290;113340
11.10.2018;113340;113360;113300;113350
11.10.2018;113350;113350;113250;113250
11.10.2018;113240;113300;113230;113240
11.10.2018;113240;113300;113210;113240
11.10.2018;113240;113260;113210;113250
11.10.2018;113250;113260;113210;113240
11.10.2018;113240;113270;113220;113260
11.10.2018;113270;113300;113250;113300
11.10.2018;113290;113330;113290;113320
11.10.2018;113320;113330;113270;113320
11.10.2018;113340;113350;113250;113270
11.10.2018;113270;113310;113240;113270
11.10.2018;113260;113270;113150;113160
11.10.2018;113160;113210;113160;113200
11.10.2018;113200;113260;113120;113120
11.10.2018;113120;113190;113120;113180
11.10.2018;113180;113180;113130;113130
11.10.2018;113140;113170;113100;113150
11.10.2018;113150;113170;113120;113130
11.10.2018;113150;113150;113060;113090
11.10.2018;113110;113170;113110;113170
11.10.2018;113170;113270;113160;113240
11.10.2018;113230;113230;113160;113170
11.10.2018;113180;113200;113150;113200
11.10.2018;113190;113210;113070;113130
11.10.2018;113110;113120;113070;113080
11.10.2018;113080;113100;113040;113070
11.10.2018;113060;113060;113020;113030
11.10.2018;113030;113040;112920;112950
11.10.2018;112940;113020;112940;112990
11.10.2018;112980;113020;112960;113000
11.10.2018;112990;113120;112990;113100
11.10.2018;113110;113110;113040;113060
11.10.2018;113090;113120;113030;113070
11.10.2018;113070;113080;113000;113050
11.10.2018;113040;113120;113040;113090
11.10.2018;113070;113190;113070;113180
11.10.2018;113190;113270;113160;113240
11.10.2018;113240;113320;113230;113310
11.10.2018;113310;113370;113270;113290
11.10.2018;113300;113370;113290;113370
11.10.2018;113370;113410;113330;113370
11.10.2018;113380;113400;113320;113320
11.10.2018;113330;113340;113290;113310
11.10.2018;113330;113340;113290;113320
11.10.2018;113320;113400;113320;113340
11.10.2018;113340;113390;113320;113380
11.10.2018;113380;113410;113340;113350
11.10.2018;113360;113360;113290;113310
11.10.2018;113320;113340;113290;113330
11.10.2018;113310;113310;113230;113240
11.10.2018;113240;113270;113220;113250
11.10.2018;113250;113290;113250;113290
11.10.2018;113280;113300;113220;113280
11.10.2018;113290;113400;113290;113380
11.10.2018;113380;113390;113300;113310
11.10.2018;113310;113310;113260;113270
11.10.2018;113280;113300;113230;113250
11.10.2018;113250;113280;113230;113260
11.10.2018;113250;113270;113190;113220
11.10.2018;113220;113290;113210;113260
11.10.2018;113250;113280;113220;113250
11.10.2018;113250;113300;113250;113280
11.10.2018;113270;113340;113250;113320
11.10.2018;113330;113370;113310;113370
11.10.2018;113360;113370;113300;113310
11.10.2018;113300;113330;113230;113230
11.10.2018;113230;113260;113110;113110
11.10.2018;113110;113190;113110;113190
11.10.2018;113200;113220;113130;113210
11.10.2018;113220;113270;113210;113220
11.10.2018;113210;113300;113210;113300
11.10.2018;113300;113330;113220;113320
11.10.2018;113300;113300;113210;113230
11.10.2018;113210;113210;113140;113170
11.10.2018;113150;113160;113030;113090
11.10.2018;113080;113090;113040;113070
11.10.2018;113080;113150;113080;113110
11.10.2018;113130;113200;113120;113190
11.10.2018;113190;113230;113180;113190
11.10.2018;113200;113220;113150;113210
11.10.2018;113210;113240;113200;113240
11.10.2018;113240;113370;113240;113330
11.10.2018;113340;113380;113330;113380
11.10.2018;113380;113400;113310;113350
11.10.2018;113360;113390;113320;113340
11.10.2018;113330;113340;113270;113330
11.10.2018;113330;113330;113250;113280
11.10.2018;113290;113320;113280;113300
11.10.2018;113310;113360;113290;113330
11.10.2018;113330;113330;113230;113270
11.10.2018;113270;113270;113220;113220
11.10.2018;113220;113280;113190;113220
11.10.2018;113220;113240;113160;113200
11.10.2018;113200;113220;113170;113220
11.10.2018;113230;113240;113130;113130
11.10.2018;113140;113170;113070;113090
11.10.2018;113080;113170;113080;113150
11.10.2018;113150;113180;113120;113150
11.10.2018;113160;113170;113100;113130
11.10.2018;113120;113150;113090;113090
11.10.2018;113090;113140;113090;113140
11.10.2018;113130;113180;113090;113160
11.10.2018;113150;113180;113130;113150
11.10.2018;113170;113170;113140;113150
11.10.2018;113150;113240;113150;113220
11.10.2018;113210;113280;113200;113240
11.10.2018;113240;113260;113150;113170
11.10.2018;113180;113180;113050;113050
11.10.2018;113050;113100;113020;113080
11.10.2018;113090;113150;113030;113050
11.10.2018;113060;113100;113030;113070
11.10.2018;113060;113130;113030;113110
11.10.2018;113120;113130;113030;113030
11.10.2018;113030;113040;112940;112960
11.10.2018;112980;113000;112940;112960
11.10.2018;112960;112960;112830;112880
11.10.2018;112880;112930;112850;112900
11.10.2018;112890;112920;112860;112860
11.10.2018;112850;112850;112670;112770
11.10.2018;112770;112770;112640;112650
11.10.2018;112650;112700;112590;112610
11.10.2018;112610;112670;112580;112600
11.10.2018;112610;112630;112530;112590
11.10.2018;112590;112600;112510;112570
11.10.2018;112560;112580;112500;112510
11.10.2018;112500;112540;112270;112280
11.10.2018;112280;112380;112250;112290
11.10.2018;112290;112340;112240;112250
11.10.2018;112240;112250;112020;112030
11.10.2018;112030;112170;111940;112060
11.10.2018;112050;112330;112040;112320
11.10.2018;112330;112360;112100;112200
11.10.2018;112200;112210;112090;112120
11.10.2018;112120;112190;112080;112160
11.10.2018;112150;112240;112000;112240
11.10.2018;112240;112420;112230;112340
11.10.2018;112340;112370;112200;112280
11.10.2018;112300;112340;112250;112250
11.10.2018;112250;112270;112110;112140
11.10.2018;112140;112220;112060;112200
11.10.2018;112190;112200;112070;112110
11.10.2018;112110;112180;112090;112160
11.10.2018;112160;112290;112160;112220
11.10.2018;112210;112260;112110;112190
11.10.2018;112190;112280;112120;112270
11.10.2018;112260;112350;112250;112320
11.10.2018;112310;112370;112310;112360
11.10.2018;112350;112480;112350;112450
11.10.2018;112460;112480;112380;112400
11.10.2018;112380;112450;112330;112440
11.10.2018;112440;112510;112420;112470
11.10.2018;112460;112480;112420;112460
11.10.2018;112460;112480;112390;112450
11.10.2018;112460;112460;112330;112350
11.10.2018;112350;112360;112270;112340
11.10.2018;112340;112380;112340;112350
11.10.2018;112360;112710;112350;112690
11.10.2018;112700;112930;112700;112830
11.10.2018;112830;112890;112790;112850
11.10.2018;112840;113040;112830;112980
11.10.2018;112980;113130;112900;112980
11.10.2018;112970;113030;112920;112990
11.10.2018;113010;113200;112970;113130
11.10.2018;113140;113190;113010;113020
11.10.2018;113020;113150;112980;113100
11.10.2018;113100;113220;113100;113120
11.10.2018;113120;113170;112980;113000
11.10.2018;113010;113150;113010;113110
11.10.2018;113120;113230;113080;113180
11.10.2018;113160;113260;113130;113160
11.10.2018;113160;113190;113080;113090
11.10.2018;113100;113200;113080;113130
11.10.2018;113130;113140;113060;113100
11.10.2018;113100;113120;113030;113060
11.10.2018;113060;113180;113060;113170
11.10.2018;113170;113250;113140;113220
11.10.2018;113230;113340;113210;113250
11.10.2018;113240;113300;113190;113200
11.10.2018;113190;113220;113040;113040
11.10.2018;113040;113090;112940;112980
11.10.2018;112980;113030;112950;113030
11.10.2018;113040;113180;113000;113140
11.10.2018;113150;113190;113100;113150
11.10.2018;113150;113150;113000;113000
11.10.2018;113010;113080;112980;112990
11.10.2018;112990;113090;112980;113080
11.10.2018;113090;113140;113060;113060
11.10.2018;113050;113060;112950;113010
11.10.2018;112990;113000;112880;112990
11.10.2018;112990;113030;112940;112960
11.10.2018;112950;112960;112860;112860
11.10.2018;112850;112890;112820;112820
11.10.2018;112820;112880;112690;112720
11.10.2018;112720;112800;112690;112770
11.10.2018;112770;113000;112720;112970
11.10.2018;112950;112970;112800;112810
11.10.2018;112800;112940;112790;112900
11.10.2018;112910;112910;112800;112820
11.10.2018;112830;112860;112730;112830
11.10.2018;112820;112820;112740;112770
11.10.2018;112770;112830;112760;112790
11.10.2018;112780;112850;112770;112790
11.10.2018;112780;112790;112620;112660
11.10.2018;112650;112830;112650;112770
11.10.2018;112750;112770;112680;112700
11.10.2018;112700;112710;112580;112610
11.10.2018;112610;112750;112610;112730
11.10.2018;112740;112860;112740;112840
11.10.2018;112840;112990;112840;112970
11.10.2018;112960;112980;112860;112920
11.10.2018;112910;112950;112900;112950
11.10.2018;112960;112980;112950;112980
11.10.2018;112970;112970;112880;112900
11.10.2018;112930;112940;112880;112890
11.10.2018;112880;112910;112860;112890
11.10.2018;112900;112930;112890;112920
11.10.2018;112910;113110;112900;113100
11.10.2018;113100;113100;112800;112820
11.10.2018;112830;112970;112830;112870
11.10.2018;112870;112890;112860;112890
11.10.2018;112900;113030;112900;112940
11.10.2018;112950;112960;112930;112930
11.10.2018;112920;112920;112840;112870
11.10.2018;112860;112880;112840;112840
11.10.2018;112850;112880;112830;112830
11.10.2018;112830;112830;112730;112750
11.10.2018;112760;112810;112650;112690
11.10.2018;112700;112780;112700;112780
11.10.2018;112770;112780;112750;112780
11.10.2018;112770;112790;112700;112710
11.10.2018;112710;112720;112670;112680
11.10.2018;112660;112730;112650;112730
11.10.2018;112720;112790;112720;112790
11.10.2018;112780;112850;112700;112840
11.10.2018;112840;112860;112810;112850
11.10.2018;112850;112870;112810;112810
11.10.2018;112810;112820;112790;112810
11.10.2018;112810;112810;112760;112800
11.10.2018;112790;112800;112770;112780
11.10.2018;112780;112800;112770;112800
11.10.2018;112790;112840;112790;112800
11.10.2018;112810;112820;112750;112750
11.10.2018;112760;112810;112760;112810
11.10.2018;112800;112820;112780;112780
11.10.2018;112790;112810;112790;112790
11.10.2018;112800;112900;112800;112880
11.10.2018;112880;112980;112880;112970
11.10.2018;112980;113000;112960;112970
11.10.2018;112990;113020;112960;113000
11.10.2018;112980;113000;112960;112990
11.10.2018;112990;113000;112970;112980
11.10.2018;112980;113000;112930;112970
11.10.2018;112990;113030;112940;113020
13.11.2018;110480;110680;110480;110660
13.11.2018;110670;110870;110660;110810
13.11.2018;110830;111050;110790;110860
13.11.2018;110860;111000;110860;110980
13.11.2018;110990;111110;110970;111040
13.11.2018;111030;111040;110950;111020
13.11.2018;111020;111050;110990;111000
13.11.2018;111000;111150;110950;111050
13.11.2018;111040;111050;110940;110970
13.11.2018;110960;110990;110870;110880
13.11.2018;110880;110890;110670;110680
13.11.2018;110690;110700;110540;110640
13.11.2018;110620;110710;110590;110680
13.11.2018;110670;110710;110490;110510
13.11.2018;110510;110610;110370;110570
13.11.2018;110570;110630;110540;110620
13.11.2018;110610;110680;110590;110610
13.11.2018;110600;110650;110580;110600
13.11.2018;110600;110770;110600;110750
13.11.2018;110760;110870;110720;110800
13.11.2018;110790;110830;110720;110760
13.11.2018;110760;110770;110630;110650
13.11.2018;110650;110680;110610;110660
13.11.2018;110650;110690;110650;110650
13.11.2018;110660;110740;110630;110690
13.11.2018;110680;110790;110670;110780
13.11.2018;110780;110850;110770;110850
13.11.2018;110840;110940;110830;110940
13.11.2018;110930;110930;110820;110830
13.11.2018;110820;110830;110730;110770
13.11.2018;110750;110760;110600;110680
13.11.2018;110680;110740;110670;110720
13.11.2018;110720;110780;110700;110730
13.11.2018;110730;110750;110690;110710
13.11.2018;110710;110740;110680;110740
13.11.2018;110740;110850;110740;110840
13.11.2018;110830;110840;110750;110780
13.11.2018;110760;110870;110760;110830
13.11.2018;110830;110960;110830;110920
13.11.2018;110920;110940;110870;110890
13.11.2018;110890;110940;110880;110900
13.11.2018;110890;110900;110860;110880
13.11.2018;110880;110990;110880;110990
13.11.2018;110990;111030;110970;111010
13.11.2018;111010;111020;110960;110990
13.11.2018;111000;111090;110980;111060
13.11.2018;111080;111090;111050;111080
13.11.2018;111080;111090;111000;111080
13.11.2018;111090;111210;111090;111190
13.11.2018;111180;111260;111170;111250
13.11.2018;111250;111300;111210;111210
13.11.2018;111220;111260;111200;111250
13.11.2018;111250;111300;111210;111240
13.11.2018;111250;111260;111190;111200
13.11.2018;111210;111270;111210;111230
13.11.2018;111240;111290;111220;111230
13.11.2018;111240;111360;111240;111260
13.11.2018;111260;111310;111260;111300
13.11.2018;111290;111330;111260;111270
13.11.2018;111280;111340;111260;111300
13.11.2018;111320;111330;111240;111280
13.11.2018;111280;111300;111220;111230
13.11.2018;111230;111240;111170;111190
13.11.2018;111200;111260;111190;111250
13.11.2018;111250;111300;111140;111150
13.11.2018;111140;111190;111050;111050
13.11.2018;111050;111090;110950;111000
13.11.2018;110990;111000;110840;110930
13.11.2018;110920;111030;110910;110990
13.11.2018;110990;111080;110980;111060
13.11.2018;111070;111090;111020;111040
13.11.2018;111030;111070;110950;110960
13.11.2018;110960;111010;110950;110980
13.11.2018;110980;111000;110960;110960
13.11.2018;110960;111000;110880;110920
13.11.2018;110920;111010;110920;111000
13.11.2018;111000;111060;110980;110990
13.11.2018;111000;111050;111000;111020
13.11.2018;111020;111050;111000;111030
13.11.2018;111030;111060;110980;110980
13.11.2018;111000;111060;111000;111060
13.11.2018;111050;111060;110990;111010
13.11.2018;111020;111030;110930;110930
13.11.2018;110930;110930;110820;110850
13.11.2018;110850;110860;110750;110760
13.11.2018;110770;110840;110770;110810
13.11.2018;110820;110830;110760;110810
13.11.2018;110810;110900;110800;110870
13.11.2018;110890;110900;110850;110850
13.11.2018;110850;110930;110840;110850
13.11.2018;110850;110890;110810;110810
13.11.2018;110800;110820;110670;110700
13.11.2018;110720;110720;110620;110690
13.11.2018;110690;110700;110540;110600
13.11.2018;110600;110670;110590;110650
13.11.2018;110650;110710;110650;110660
13.11.2018;110660;110710;110610;110640
13.11.2018;110650;110670;110620;110630
13.11.2018;110640;110840;110640;110840
13.11.2018;110830;110860;110750;110750
13.11.2018;110740;110800;110740;110780
13.11.2018;110790;110830;110760;110780
13.11.2018;110780;110810;110730;110730
13.11.2018;110740;110830;110730;110800
13.11.2018;110790;110790;110750;110790
13.11.2018;110790;110840;110760;110800
13.11.2018;110790;110840;110720;110740
13.11.2018;110730;110740;110650;110650
13.11.2018;110670;110720;110630;110710
13.11.2018;110700;110700;110590;110630
13.11.2018;110630;110630;110540;110560
13.11.2018;110560;110570;110520;110550
13.11.2018;110540;110580;110500;110550
13.11.2018;110550;110570;110500;110520
13.11.2018;110520;110520;110450;110450
13.11.2018;110450;110580;110440;110480
13.11.2018;110490;110490;110400;110440
13.11.2018;110440;110470;110370;110420
13.11.2018;110420;110540;110420;110540
13.11.2018;110540;110550;110460;110500
13.11.2018;110490;110590;110490;110500
13.11.2018;110490;110510;110470;110490
13.11.2018;110500;110530;110410;110430
13.11.2018;110450;110490;110430;110480
13.11.2018;110470;110510;110440;110490
13.11.2018;110480;110510;110350;110380
13.11.2018;110390;110420;110340;110400
13.11.2018;110390;110430;110370;110400
13.11.2018;110410;110450;110390;110450
13.11.2018;110460;110500;110440;110470
13.11.2018;110470;110510;110410;110430
13.11.2018;110420;110450;110350;110390
13.11.2018;110390;110470;110360;110440
13.11.2018;110430;110440;110380;110430
13.11.2018;110430;110550;110390;110530
13.11.2018;110540;110680;110510;110640
13.11.2018;110640;110640;110520;110570
13.11.2018;110570;110620;110550;110610
13.11.2018;110620;110650;110570;110570
13.11.2018;110570;110650;110550;110630
13.11.2018;110640;110660;110590;110650
13.11.2018;110630;110750;110620;110730
13.11.2018;110730;110830;110710;110810
13.11.2018;110800;110830;110760;110810
13.11.2018;110820;110860;110810;110830
13.11.2018;110830;110980;110820;110970
13.11.2018;110960;111050;110920;111000
13.11.2018;111010;111010;110940;110960
13.11.2018;110950;110970;110900;110910
13.11.2018;110910;110970;110900;110920
13.11.2018;110920;110980;110900;110900
13.11.2018;110900;111030;110900;110990
13.11.2018;110980;111000;110950;110980
13.11.2018;110990;110990;110940;110960
13.11.2018;110960;110960;110800;110830
13.11.2018;110830;110850;110700;110750
13.11.2018;110760;110810;110740;110800
13.11.2018;110790;110930;110780;110860
13.11.2018;110860;110880;110790;110800
13.11.2018;110800;110810;110720;110740
13.11.2018;110730;110750;110580;110650
13.11.2018;110660;110680;110640;110670
13.11.2018;110670;110680;110610;110660
13.11.2018;110660;110660;110590;110610
13.11.2018;110620;110670;110610;110640
13.11.2018;110630;110670;110600;110650
13.11.2018;110650;110660;110600;110600
13.11.2018;110600;110630;110510;110520
13.11.2018;110520;110570;110490;110490
13.11.2018;110500;110510;110430;110440
13.11.2018;110440;110460;110230;110280
13.11.2018;110290;110370;110270;110360
13.11.2018;110370;110400;110340;110400
13.11.2018;110400;110420;110370;110370
13.11.2018;110370;110450;110330;110330
13.11.2018;110330;110360;110280;110300
13.11.2018;110300;110340;110270;110320
13.11.2018;110330;110360;110320;110340
13.11.2018;110330;110430;110330;110400
13.11.2018;110390;110410;110340;110380
13.11.2018;110380;110400;110330;110360
13.11.2018;110350;110420;110350;110410
13.11.2018;110410;110430;110360;110420
13.11.2018;110420;110430;110370;110430
13.11.2018;110430;110430;110350;110390
13.11.2018;110390;110490;110360;110490
13.11.2018;110490;110660;110490;110570
13.11.2018;110580;110600;110510;110510
13.11.2018;110520;110550;110500;110500
13.11.2018;110500;110500;110470;110480
13.11.2018;110470;110500;110450;110470
13.11.2018;110470;110520;110440;110510
13.11.2018;110520;110540;110440;110440
13.11.2018;110440;110530;110430;110440
13.11.2018;110450;110470;110430;110460
13.11.2018;110460;110490;110330;110340
13.11.2018;110340;110360;110250;110280
13.11.2018;110270;110420;110270;110370
13.11.2018;110370;110390;110350;110380
13.11.2018;110380;110400;110370;110390
13.11.2018;110390;110400;110290;110300
13.11.2018;110300;110400;110160;110260
13.11.2018;110280;110350;110240;110300
13.11.2018;110290;110350;110270;110340
13.11.2018;110350;110510;110320;110470
13.11.2018;110490;110610;110480;110590
13.11.2018;110590;110600;110520;110540
13.11.2018;110550;110590;110520;110560
13.11.2018;110550;110580;110530;110540
13.11.2018;110560;110580;110540;110570
13.11.2018;110570;110580;110440;110510
13.11.2018;110500;110540;110490;110520
13.11.2018;110530;110530;110470;110480
13.11.2018;110480;110530;110470;110490
13.11.2018;110500;110520;110420;110440
13.11.2018;110430;110440;110360;110380
13.11.2018;110380;110440;110380;110410
13.11.2018;110400;110480;110380;110420
13.11.2018;110410;110420;110330;110380
13.11.2018;110370;110550;110370;110550
13.11.2018;110540;110550;110480;110530
13.11.2018;110540;110590;110520;110540
13.11.2018;110530;110580;110460;110470
13.11.2018;110490;110500;110440;110480
13.11.2018;110500;110500;110450;110460
13.11.2018;110480;110520;110450;110470
13.11.2018;110470;110500;110460;110500
13.11.2018;110490;110570;110450;110550
13.11.2018;110570;110630;110550;110560
13.11.2018;110560;110720;110550;110660
13.11.2018;110650;110720;110650;110710
13.11.2018;110720;110720;110630;110660
13.11.2018;110660;110670;110610;110640
13.11.2018;110630;110670;110620;110630
13.11.2018;110620;110660;110610;110660
13.11.2018;110640;110660;110580;110600
13.11.2018;110600;110660;110600;110630
13.11.2018;110640;110650;110620;110640
13.11.2018;110640;110660;110620;110640
13.11.2018;110640;110720;110640;110700
13.11.2018;110690;110850;110680;110830
13.11.2018;110850;111000;110850;110940
13.11.2018;110940;110940;110840;110840
13.11.2018;110850;110890;110820;110860
13.11.2018;110860;110870;110780;110790
13.11.2018;110790;110840;110720;110750
13.11.2018;110740;110790;110730;110770
13.11.2018;110790;110800;110700;110730
13.11.2018;110730;110780;110700;110750
13.11.2018;110770;110810;110750;110790
13.11.2018;110780;110810;110630;110630
13.11.2018;110640;110730;110630;110710
13.11.2018;110700;110710;110670;110710
13.11.2018;110700;110700;110600;110650
13.11.2018;110660;110700;110650;110670
13.11.2018;110680;110700;110610;110630
13.11.2018;110620;110640;110590;110600
13.11.2018;110620;110690;110600;110640
13.11.2018;110650;110670;110620;110660
13.11.2018;110660;110720;110640;110650
13.11.2018;110650;110710;110650;110680
13.11.2018;110690;110700;110630;110650
13.11.2018;110650;110670;110630;110650
13.11.2018;110670;110730;110640;110730
13.11.2018;110730;110810;110720;110770
13.11.2018;110780;110830;110760;110770
13.11.2018;110770;110810;110750;110810
13.11.2018;110810;110840;110790;110830
13.11.2018;110840;110920;110840;110870
13.11.2018;110870;110940;110860;110880
13.11.2018;110880;110880;110850;110860
13.11.2018;110860;110860;110810;110830
13.11.2018;110820;110840;110820;110840
13.11.2018;110840;110850;110780;110780
13.11.2018;110780;110800;110660;110660
13.11.2018;110670;110710;110620;110690
13.11.2018;110680;110720;110680;110710
13.11.2018;110700;110710;110660;110690
13.11.2018;110690;110720;110650;110670
13.11.2018;110680;110690;110630;110640
13.11.2018;110640;110690;110640;110680
13.11.2018;110680;110720;110680;110690
13.11.2018;110700;110700;110540;110540
13.11.2018;110540;110550;110470;110550
13.11.2018;110530;110600;110520;110590
13.11.2018;110580;110580;110540;110560
13.11.2018;110560;110600;110480;110500
13.11.2018;110510;110550;110500;110510
13.11.2018;110520;110550;110510;110520
13.11.2018;110510;110570;110510;110560
13.11.2018;110570;110570;110490;110550
13.11.2018;110560;110630;110530;110610
13.11.2018;110620;110640;110590;110590
13.11.2018;110600;110740;110600;110720
13.11.2018;110710;110710;110660;110660
13.11.2018;110660;110740;110660;110720
13.11.2018;110730;110740;110690;110690
13.11.2018;110690;110700;110670;110690
13.11.2018;110690;110820;110690;110820
13.11.2018;110820;110840;110770;110790
13.11.2018;110800;110830;110750;110780
13.11.2018;110780;110780;110720;110770
13.11.2018;110760;110760;110720;110720
13.11.2018;110730;110750;110710;110720
13.11.2018;110720;110740;110690;110710
13.11.2018;110710;110790;110710;110780
13.11.2018;110790;110820;110780;110790
13.11.2018;110810;110840;110800;110810
13.11.2018;110800;110810;110750;110760
13.11.2018;110750;110850;110750;110840
13.11.2018;110850;110880;110830;110870
13.11.2018;110870;110890;110850;110860
13.11.2018;110860;110860;110820;110820
13.11.2018;110820;110820;110690;110710
13.11.2018;110720;110760;110710;110760
13.11.2018;110750;110760;110670;110710
13.11.2018;110720;110740;110630;110640
13.11.2018;110620;110700;110620;110680
13.11.2018;110670;110720;110660;110700
13.11.2018;110710;110720;110680;110710
13.11.2018;110720;110760;110710;110730
13.11.2018;110730;110810;110730;110780
13.11.2018;110780;110890;110750;110830
13.11.2018;110830;110880;110810;110880
13.11.2018;110880;111090;110880;111050
13.11.2018;111050;111290;111050;111260
13.11.2018;111270;111470;111270;111300
13.11.2018;111320;111340;111230;111250
13.11.2018;111240;111320;111220;111270
13.11.2018;111270;111310;111190;111220
13.11.2018;111220;111260;111130;111130
13.11.2018;111130;111240;111120;111230
13.11.2018;111230;111340;111210;111300
13.11.2018;111310;111320;111250;111290
13.11.2018;111300;111330;111220;111240
13.11.2018;111230;111340;111230;111280
13.11.2018;111280;111310;111260;111280
13.11.2018;111280;111290;111220;111220
13.11.2018;111220;111240;111160;111180
13.11.2018;111180;111240;111150;111210
13.11.2018;111210;111320;111200;111220
13.11.2018;111220;111230;111180;111190
13.11.2018;111190;111200;111120;111140
13.11.2018;111140;111160;111110;111130
13.11.2018;111120;111170;111120;111120
13.11.2018;111120;111160;111120;111130
13.11.2018;111130;111150;111070;111120
13.11.2018;111110;111110;111030;111040
13.11.2018;111050;111090;110970;110980
13.11.2018;110980;111010;110960;110960
13.11.2018;110980;111070;110970;111020
13.11.2018;111020;111070;111010;111060
13.11.2018;111060;111150;111050;111120
13.11.2018;111120;111130;111090;111090
13.11.2018;111100;111120;111020;111060
13.11.2018;111060;111100;111040;111090
13.11.2018;111090;111140;111080;111090
13.11.2018;111090;111150;111090;111110
13.11.2018;111120;111260;111120;111140
13.11.2018;111130;111140;111050;111070
13.11.2018;111080;111200;111080;111140
13.11.2018;111140;111150;111070;111090
13.11.2018;111120;111160;111100;111100
13.11.2018;111100;111140;111070;111130
13.11.2018;111140;111150;111110;111130
13.11.2018;111140;111160;111080;111100
13.11.2018;111100;111140;111100;111130
13.11.2018;111150;111150;111050;111070
13.11.2018;111080;111120;111060;111120
13.11.2018;111110;111180;111100;111160
13.11.2018;111170;111190;111120;111140
13.11.2018;111150;111180;111140;111140
13.11.2018;111150;111190;111140;111170
13.11.2018;111180;111200;111170;111180
13.11.2018;111180;111210;111170;111210
13.11.2018;111210;111340;111200;111310
13.11.2018;111310;111440;111310;111400
13.11.2018;111410;111460;111350;111370
13.11.2018;111370;111410;111330;111350
13.11.2018;111360;111380;111330;111340
13.11.2018;111340;111340;111200;111270
13.11.2018;111260;111270;111180;111220
13.11.2018;111210;111290;111190;111290
13.11.2018;111290;111340;111280;111320
13.11.2018;111320;111370;111290;111370
13.11.2018;111370;111510;111340;111480
13.11.2018;111480;111490;111320;111360
13.11.2018;111360;111410;111330;111370
13.11.2018;111390;111400;111350;111370
13.11.2018;111370;111380;111310;111320
13.11.2018;111310;111380;111290;111350
13.11.2018;111380;111480;111370;111420
13.11.2018;111440;111450;111410;111430
13.11.2018;111430;111570;111420;111530
13.11.2018;111550;111590;111500;111520
13.11.2018;111510;111580;111470;111480
13.11.2018;111470;111480;111410;111430
13.11.2018;111430;111460;111400;111460
13.11.2018;111460;111480;111400;111410
13.11.2018;111430;111440;111400;111420
13.11.2018;111420;111540;111410;111470
13.11.2018;111460;111480;111440;111460
13.11.2018;111450;111460;111380;111380
13.11.2018;111380;111420;111380;111390
13.11.2018;111390;111400;111370;111400
13.11.2018;111390;111420;111330;111330
13.11.2018;111330;111350;111260;111290
13.11.2018;111300;111360;111290;111320
13.11.2018;111320;111340;111260;111280
13.11.2018;111280;111300;111270;111270
13.11.2018;111270;111280;111210;111250
13.11.2018;111250;111320;111250;111280
13.11.2018;111290;111340;111290;111330
13.11.2018;111330;111360;111330;111350
13.11.2018;111350;111380;111330;111340
13.11.2018;111330;111480;111320;111440
13.11.2018;111430;111450;111410;111410
13.11.2018;111420;111440;111400;111410
13.11.2018;111410;111430;111360;111370
13.11.2018;111360;111380;111350;111360
13.11.2018;111360;111400;111360;111390
13.11.2018;111400;111410;111310;111320
13.11.2018;111320;111340;111240;111280
13.11.2018;111280;111290;111240;111250
13.11.2018;111250;111290;111180;111200
13.11.2018;111190;111190;111140;111170
13.11.2018;111170;111180;111090;111140
13.11.2018;111120;111160;111100;111120
13.11.2018;111120;111120;111060;111060
13.11.2018;111070;111160;111070;111130
13.11.2018;111130;111190;111130;111190
13.11.2018;111190;111190;111100;111100
13.11.2018;111110;111110;111070;111100
13.11.2018;111090;111100;111010;111020
13.11.2018;111020;111030;110930;110970
13.11.2018;110980;111020;110950;110950
13.11.2018;110940;110990;110870;110970
13.11.2018;110960;111000;110960;110980
13.11.2018;110960;111020;110900;110980
13.11.2018;110980;111010;110910;110990
13.11.2018;111000;111040;110970;110980
13.11.2018;110980;111020;110950;111020
13.11.2018;111010;111040;111000;111030
13.11.2018;111040;111130;111030;111070
13.11.2018;111070;111100;111060;111080
13.11.2018;111080;111170;111040;111070
13.11.2018;111070;111150;111040;111120
13.11.2018;111130;111230;111130;111160
13.11.2018;111150;111250;111140;111250
13.11.2018;111240;111250;111200;111210
13.11.2018;111220;111240;111200;111220
13.11.2018;111220;111300;111220;111280
13.11.2018;111280;111290;111230;111280
13.11.2018;111270;111350;111270;111310
13.11.2018;111310;111350;111230;111230
13.11.2018;111220;111270;111210;111250
13.11.2018;111250;111320;111210;111300
13.11.2018;111300;111310;111140;111160
13.11.2018;111150;111180;111080;111120
13.11.2018;111120;111120;110990;111030
13.11.2018;111020;111130;110990;111090
13.11.2018;111100;111110;111060;111100
13.11.2018;111110;111200;111110;111200
13.11.2018;111200;111260;111170;111180
13.11.2018;111180;111230;111110;111120
13.11.2018;111120;111190;111090;111090
13.11.2018;111100;111190;111090;111100
13.11.2018;111090;111100;111000;111030
13.11.2018;111040;111110;111040;111080
13.11.2018;111100;111150;111080;111110
13.11.2018;111090;111110;111030;111060
13.11.2018;111060;111070;110920;110950
13.11.2018;110940;110990;110940;110950
13.11.2018;110960;110970;110810;110840
13.11.2018;110830;110870;110790;110810
13.11.2018;110810;110830;110730;110780
13.11.2018;110770;110790;110610;110660
13.11.2018;110670;110690;110570;110570
13.11.2018;110580;110580;110350;110500
13.11.2018;110480;110510;110380;110450
13.11.2018;110440;110600;110420;110560
13.11.2018;110560;110560;110500;110520
13.11.2018;110530;110650;110480;110640
13.11.2018;110630;110700;110590;110670
13.11.2018;110680;110760;110650;110670
13.11.2018;110670;110680;110520;110560
13.11.2018;110560;110560;110460;110500
13.11.2018;110490;110620;110470;110530
13.11.2018;110530;110560;110490;110550
13.11.2018;110550;110600;110500;110580
13.11.2018;110560;110640;110530;110630
13.11.2018;110620;110720;110590;110650
13.11.2018;110640;110650;110520;110540
13.11.2018;110540;110580;110510;110530
13.11.2018;110540;110560;110410;110420
13.11.2018;110420;110460;110370;110390
13.11.2018;110400;110400;110100;110120
13.11.2018;110130;110170;110100;110140
13.11.2018;110130;110150;110060;110090
13.11.2018;110090;110190;110050;110140
13.11.2018;110130;110140;110070;110090
13.11.2018;110090;110100;110000;110020
13.11.2018;110010;110070;109980;110030
13.11.2018;110010;110020;109940;109960
13.11.2018;109950;109960;109850;109860
13.11.2018;109850;109870;109800;109860
13.11.2018;109850;109910;109840;109890
13.11.2018;109900;109940;109870;109880
13.11.2018;109880;110000;109840;110000
13.11.2018;110000;110040;109920;110000
13.11.2018;110000;110070;109930;110040
13.11.2018;110040;110070;110000;110050
13.11.2018;110060;110150;110050;110150
13.11.2018;110140;110180;110050;110090
13.11.2018;110090;110110;110050;110060
13.11.2018;110070;110120;109980;110020
13.11.2018;110030;110100;110010;110030
13.11.2018;110020;110020;109860;109960
13.11.2018;109940;110000;109910;109990
13.11.2018;109990;110000;109850;109930
13.11.2018;109960;110190;109890;110080
13.11.2018;110070;110120;110040;110110
13.11.2018;110120;110160;110090;110140
13.11.2018;110120;110150;110090;110120
13.11.2018;110120;110230;110110;110180
13.11.2018;110190;110200;110150;110160
13.11.2018;110170;110190;110020;110030
13.11.2018;110020;110120;110020;110110
13.11.2018;110110;110150;110100;110120
13.11.2018;110130;110170;110120;110130
13.11.2018;110140;110290;110140;110250
13.11.2018;110250;110310;110230;110270
13.11.2018;110280;110340;110270;110300
13.11.2018;110290;110290;110210;110240
13.11.2018;110240;110330;110230;110320
13.11.2018;110310;110370;110310;110360
13.11.2018;110350;110380;110300;110350
13.11.2018;110350;110420;110330;110410
13.11.2018;110420;110710;110400;110550
13.11.2018;110550;110710;110550;110680
13.11.2018;110680;110690;110570;110600
13.11.2018;110600;110600;110530;110550
13.11.2018;110550;110560;110470;110490
13.11.2018;110500;110510;110440;110510
13.11.2018;110510;110550;110450;110460
13.11.2018;110460;110510;110450;110470
13.11.2018;110450;110550;110450;110470
13.11.2018;110460;110510;110450;110470
13.11.2018;110470;110520;110470;110490
13.11.2018;110490;110540;110440;110480
13.11.2018;110460;110530;110440;110480
13.11.2018;110470;110530;110470;110530
13.11.2018;110530;110610;110520;110560
13.11.2018;110570;110650;110570;110620
13.11.2018;110610;110630;110590;110590
13.11.2018;110600;110640;110580;110620
13.11.2018;110630;110630;110510;110540
13.11.2018;110540;110580;110530;110540
13.11.2018;110540;110610;110540;110560
13.11.2018;110560;110620;110550;110610
13.11.2018;110620;110630;110590;110620
13.11.2018;110630;110660;110620;110630
13.11.2018;110620;110640;110600;110620
13.11.2018;110620;110760;110620;110730
13.11.2018;110710;110760;110690;110700
13.11.2018;110700;110730;110680;110710
13.11.2018;110710;110720;110670;110720
13.11.2018;110720;110850;110700;110780
13.11.2018;110780;110790;110730;110750
13.11.2018;110760;110870;110750;110870
13.11.2018;110870;110960;110860;110920
13.11.2018;110920;110960;110870;110880
13.11.2018;110880;110900;110860;110890
13.11.2018;110890;110930;110860;110910
13.11.2018;110910;110920;110820;110820
13.11.2018;110820;110880;110820;110820
13.11.2018;110820;110830;110790;110800
13.11.2018;110800;110840;110780;110820
13.11.2018;110840;110860;110800;110810
13.11.2018;110810;110840;110790;110800
13.11.2018;110800;110930;110800;110910
13.11.2018;110900;110920;110860;110880
13.11.2018;110880;110960;110880;110880
13.11.2018;110900;110990;110890;110940
13.11.2018;110950;111100;110950;111070
13.11.2018;111070;111120;110940;110940
13.11.2018;110930;110980;110900;110900
13.11.2018;110900;110930;110820;110860
13.11.2018;110860;110910;110840;110860
13.11.2018;110850;110870;110820;110820
13.11.2018;110830;110850;110780;110810
13.11.2018;110800;110800;110740;110740
13.11.2018;110740;110760;110720;110750
13.11.2018;110750;110780;110740;110770
13.11.2018;110770;110830;110740;110820
13.11.2018;110820;110820;110740;110760
13.11.2018;110750;110780;110680;110700
13.11.2018;110690;110690;110660;110670
13.11.2018;110680;110760;110660;110750
13.11.2018;110760;110790;110720;110730
13.11.2018;110740;110740;110720;110740
13.11.2018;110740;110790;110730;110770
13.11.2018;110770;110840;110750;110810
13.11.2018;110810;110880;110800;110870
13.11.2018;110860;110920;110840;110900
13.11.2018;110910;110950;110860;110940
13.11.2018;110930;110980;110920;110960
13.11.2018;110970;110980;110900;110900
13.11.2018;110920;110950;110920;110920
13.11.2018;110940;110940;110890;110910
13.11.2018;110940;110960;110860;110860
13.11.2018;110860;110870;110800;110820
13.11.2018;110820;110870;110800;110870
13.11.2018;110860;110880;110800;110820
13.11.2018;110830;110850;110770;110780
13.11.2018;110780;110800;110750;110780
13.11.2018;110780;110790;110700;110700
13.11.2018;110700;110760;110690;110730
13.11.2018;110730;110750;110700;110740
13.11.2018;110720;110760;110710;110720
13.11.2018;110730;110760;110710;110750
13.11.2018;110740;110740;110700;110700
13.11.2018;110710;110710;110660;110660
13.11.2018;110660;110670;110590;110600
13.11.2018;110600;110640;110590;110630
13.11.2018;110630;110690;110610;110670
13.11.2018;110670;110720;110670;110700
13.11.2018;110700;110720;110680;110680
13.11.2018;110680;110710;110640;110660
13.11.2018;110670;110700;110660;110680
13.11.2018;110670;110700;110660;110680
13.11.2018;110660;110660;110610;110620
13.11.2018;110630;110680;110610;110680
13.11.2018;110690;110700;110670;110700
13.11.2018;110700;110750;110700;110740
13.11.2018;110730;110780;110680;110700
13.11.2018;110700;110710;110660;110700
13.11.2018;110690;110700;110680;110700
13.11.2018;110680;110720;110650;110700
13.11.2018;110690;110690;110660;110670
13.11.2018;110680;110710;110670;110680
13.11.2018;110690;110710;110680;110700
13.11.2018;110700;110730;110700;110720
13.11.2018;110720;110720;110630;110640
13.11.2018;110650;110670;110620;110620
13.11.2018;110620;110680;110610;110670
13.11.2018;110660;110670;110530;110550
13.11.2018;110540;110570;110510;110530
13.11.2018;110510;110540;110430;110450
13.11.2018;110450;110480;110300;110360
13.11.2018;110360;110430;110350;110350
13.11.2018;110360;110370;110250;110250
13.11.2018;110260;110270;110120;110200
13.11.2018;110210;110290;110190;110260
13.11.2018;110240;110270;110220;110260
13.11.2018;110250;110380;110230;110360
13.11.2018;110350;110360;110260;110270
13.11.2018;110260;110270;110170;110210
13.11.2018;110200;110270;110200;110230
13.11.2018;110220;110250;110210;110210
13.11.2018;110220;110290;110210;110290
13.11.2018;110290;110300;110230;110240
13.11.2018;110230;110440;110220;110300
13.11.2018;110300;110300;110240;110240
13.11.2018;110240;110330;110230;110320
13.11.2018;110320;110340;110280;110300
13.11.2018;110310;110310;110260;110270
13.11.2018;110270;110270;110190;110190
13.11.2018;110190;110200;110050;110090
13.11.2018;110090;110100;110040;110060
13.11.2018;110070;110120;110050;110110
13.11.2018;110120;110230;110080;110220
13.11.2018;110220;110260;110200;110210
13.11.2018;110210;110290;110200;110290
13.11.2018;110280;110540;110280;110360
13.11.2018;110370;110400;110340;110370
13.11.2018;110370;110380;110320;110330
13.11.2018;110320;110350;110300;110330
13.11.2018;110330;110340;110280;110300
13.11.2018;110290;110350;110290;110350
13.11.2018;110350;110410;110340;110390
13.11.2018;110390;110460;110380;110390
13.11.2018;110410;110430;110380;110420
13.11.2018;110420;110470;110420;110440
13.11.2018;110440;110450;110410;110430
13.11.2018;110430;110450;110370;110370
13.11.2018;110370;110380;110340;110350
13.11.2018;110350;110370;110230;110240
13.11.2018;110230;110260;110220;110230
13.11.2018;110230;110230;110150;110150
13.11.2018;110150;110170;110070;110080
13.11.2018;110080;110120;110060;110090
13.11.2018;110070;110070;110030;110050
13.11.2018;110040;110120;110030;110070
13.11.2018;110060;110180;110050;110170
13.11.2018;110170;110210;110110;110120
13.11.2018;110120;110140;110070;110090
13.11.2018;110110;110160;110080;110140
13.11.2018;110140;110180;110020;110020
13.11.2018;110020;110030;109960;110010
13.11.2018;109990;110000;109850;109880
13.11.2018;109880;109920;109870;109890
13.11.2018;109880;110040;109870;110020
13.11.2018;110020;110040;109910;109930
13.11.2018;109920;109950;109910;109910
13.11.2018;109900;110000;109890;109930
13.11.2018;109940;109990;109920;109960
13.11.2018;109960;110000;109930;109980
13.11.2018;109980;109980;109920;109940
13.11.2018;109930;109960;109900;109950
13.11.2018;109940;109960;109890;109920
13.11.2018;109920;109990;109910;109960
13.11.2018;109950;109970;109910;109920
13.11.2018;109920;109930;109900;109930
13.11.2018;109920;109920;109790;109820
13.11.2018;109810;109860;109760;109840
13.11.2018;109830;109830;109790;109790
13.11.2018;109790;109810;109730;109760
13.11.2018;109750;109780;109740;109740
13.11.2018;109740;109780;109730;109770
13.11.2018;109780;109880;109770;109860
13.11.2018;109860;109880;109820;109850
13.11.2018;109860;109860;109720;109720
13.11.2018;109720;109770;109710;109740
13.11.2018;109740;109960;109740;109960
13.11.2018;109960;109960;109840;109860
13.11.2018;109860;109860;109770;109770
13.11.2018;109770;109810;109740;109750
13.11.2018;109750;109750;109600;109700
13.11.2018;109710;109750;109660;109680
13.11.2018;109670;109810;109660;109780
13.11.2018;109770;109810;109710;109780
13.11.2018;109780;109790;109750;109760
13.11.2018;109760;109770;109740;109770
13.11.2018;109760;109830;109750;109830
13.11.2018;109830;109860;109770;109820
13.11.2018;109810;109810;109690;109700
13.11.2018;109700;109710;109660;109690
13.11.2018;109690;109730;109680;109710
13.11.2018;109720;109740;109660;109660
13.11.2018;109660;109660;109550;109610
13.11.2018;109610;109640;109590;109630
13.11.2018;109630;109630;109530;109540
13.11.2018;109540;109570;109530;109560
13.11.2018;109560;109580;109520;109540
13.11.2018;109530;109610;109520;109570
13.11.2018;109570;109590;109490;109510
13.11.2018;109510;109600;109490;109600
13.11.2018;109590;109600;109540;109550
13.11.2018;109550;109550;109440;109440
13.11.2018;109440;109500;109420;109500
13.11.2018;109500;109550;109490;109550
13.11.2018;109550;109570;109530;109560
13.11.2018;109570;109580;109530;109570
13.11.2018;109560;109600;109540;109600
13.11.2018;109590;109730;109590;109660
13.11.2018;109650;109660;109570;109580
13.11.2018;109580;109620;109560;109590
13.11.2018;109600;109610;109560;109570
13.11.2018;109560;109600;109520;109520
13.11.2018;109540;109620;109510;109600
13.11.2018;109600;109690;109600;109680
13.11.2018;109670;109690;109620;109660
13.11.2018;109660;109700;109650;109650
13.11.2018;109640;109650;109530;109570
13.11.2018;109570;109600;109560;109600
13.11.2018;109600;109630;109570;109600
13.11.2018;109600;109640;109590;109640
13.11.2018;109630;109650;109550;109560
13.11.2018;109560;109570;109520;109550
13.11.2018;109560;109560;109160;109170
13.11.2018;109170;109270;109140;109240
13.11.2018;109230;109270;109210;109240
13.11.2018;109250;109290;109210;109270
13.11.2018;109280;109290;109210;109260
13.11.2018;109260;109300;109220;109260
13.11.2018;109250;109310;109180;109220
13.11.2018;109220;109220;109070;109070
13.11.2018;109070;109100;109010;109020
13.11.2018;109020;109030;108910;109030
13.11.2018;109020;109200;109020;109070
13.11.2018;109070;109100;109020;109030
13.11.2018;109020;109140;109010;109120
13.11.2018;109110;109150;109020;109030
13.11.2018;109020;109120;108990;109120
13.11.2018;109130;109160;109090;109150
13.11.2018;109160;109200;109140;109170
13.11.2018;109160;109210;109150;109160
13.11.2018;109150;109160;109070;109110
13.11.2018;109100;109130;109050;109060
13.11.2018;109050;109090;109000;109050
13.11.2018;109030;109040;108940;108990
13.11.2018;108990;109030;108970;109010
13.11.2018;109000;109070;108980;109000
13.11.2018;109000;109040;108970;109030
13.11.2018;109030;109100;109030;109100
13.11.2018;109090;109140;109080;109090
13.11.2018;109100;109150;109070;109130
13.11.2018;109140;109200;109130;109190
13.11.2018;109200;109220;109120;109140
13.11.2018;109140;109240;109120;109230
13.11.2018;109240;109270;109210;109260
13.11.2018;109270;109270;109200;109200
13.11.2018;109200;109270;109200;109250
13.11.2018;109260;109280;109190;109210
13.11.2018;109210;109230;109180;109220
13.11.2018;109240;109250;109200;109200
13.11.2018;109200;109240;109200;109210
13.11.2018;109210;109260;109210;109220
13.11.2018;109240;109350;109210;109350
11.12.2018;113040;113420;113040;113290
11.12.2018;113290;113580;113270;113480
11.12.2018;113480;113490;113300;113330
11.12.2018;113350;113510;113320;113510
11.12.2018;113510;113560;113440;113480
11.12.2018;113480;113520;113410;113460
11.12.2018;113470;113490;113410;113420
11.12.2018;113410;113430;113370;113400
11.12.2018;113390;113450;113360;113370
11.12.2018;113360;113410;113340;113360
11.12.2018;113370;113430;113350;113400
11.12.2018;113400;113430;113360;113400
11.12.2018;113400;113420;113370;113400
11.12.2018;113380;113410;113330;113340
11.12.2018;113330;113340;112980;113040
11.12.2018;113040;113080;112870;113020
11.12.2018;113000;113120;113000;113110
11.12.2018;113110;113160;113090;113090
11.12.2018;113090;113130;113050;113080
11.12.2018;113080;113130;113070;113120
11.12.2018;113110;113250;113110;113210
11.12.2018;113210;113220;113150;113180
11.12.2018;113170;113250;113170;113200
11.12.2018;113180;113220;113150;113150
11.12.2018;113150;113170;113060;113080
11.12.2018;113080;113170;113080;113130
11.12.2018;113120;113270;113120;113240
11.12.2018;113240;113250;113160;113160
11.12.2018;113170;113180;113110;113140
11.12.2018;113150;113180;113110;113140
11.12.2018;113130;113160;113090;113090
11.12.2018;113080;113140;113050;113100
11.12.2018;113100;113120;113010;113060
11.12.2018;113080;113170;113070;113160
11.12.2018;113160;113260;113150;113240
11.12.2018;113240;113300;113210;113270
11.12.2018;113280;113320;113230;113260
11.12.2018;113260;113270;113160;113190
11.12.2018;113190;113260;113180;113260
11.12.2018;113250;113260;113200;113230
11.12.2018;113220;113220;113140;113180
11.12.2018;113180;113200;113140;113140
11.12.2018;113140;113180;113140;113170
11.12.2018;113180;113180;113140;113140
11.12.2018;113150;113150;113010;113010
11.12.2018;113000;113080;112990;113070
11.12.2018;113060;113100;113040;113050
11.12.2018;113050;113080;113050;113060
11.12.2018;113070;113080;112970;112990
11.12.2018;113000;113000;112810;112880
11.12.2018;112890;112980;112890;112940
11.12.2018;112930;113050;112910;113010
11.12.2018;113030;113040;112990;113030
11.12.2018;113020;113050;112970;112980
11.12.2018;112970;113020;112950;112980
11.12.2018;112990;113010;112960;112980
11.12.2018;112980;113000;112930;112990
11.12.2018;112980;112980;112910;112910
11.12.2018;112910;112940;112790;112930
11.12.2018;112920;112950;112870;112880
11.12.2018;112880;112980;112710;112940
11.12.2018;112930;112960;112810;112860
11.12.2018;112850;112850;112670;112720
11.12.2018;112720;112740;112660;112670
11.12.2018;112690;112760;112660;112700
11.12.2018;112690;112720;112610;112700
11.12.2018;112700;112730;112560;112580
11.12.2018;112570;112620;112440;112490
11.12.2018;112500;112510;112340;112410
11.12.2018;112410;112480;112380;112450
11.12.2018;112440;112490;112410;112440
11.12.2018;112430;112480;112370;112470
11.12.2018;112460;112500;112450;112480
11.12.2018;112480;112510;112460;112500
11.12.2018;112500;112510;112460;112500
11.12.2018;112510;112530;112450;112470
11.12.2018;112480;112550;112470;112530
11.12.2018;112520;112590;112480;112580
11.12.2018;112570;112620;112540;112580
11.12.2018;112580;112630;112560;112580
11.12.2018;112580;112590;112540;112580
11.12.2018;112580;112620;112570;112580
11.12.2018;112580;112620;112540;112610
11.12.2018;112610;112630;112580;112630
11.12.2018;112610;112640;112590;112620
11.12.2018;112620;112730;112620;112680
11.12.2018;112670;112670;112620;112640
11.12.2018;112640;112680;112630;112640
11.12.2018;112620;112720;112620;112650
11.12.2018;112640;112640;112530;112530
11.12.2018;112520;112570;112470;112550
11.12.2018;112560;112610;112560;112600
11.12.2018;112590;112780;112580;112760
11.12.2018;112760;112780;112680;112760
11.12.2018;112760;112770;112700;112740
11.12.2018;112720;112800;112720;112760
11.12.2018;112750;112750;112690;112750
11.12.2018;112760;112770;112680;112700
11.12.2018;112690;112750;112670;112670
11.12.2018;112670;112730;112650;112720
11.12.2018;112700;112720;112640;112640
11.12.2018;112650;112700;112630;112670
11.12.2018;112680;112710;112660;112700
11.12.2018;112700;112730;112640;112700
11.12.2018;112690;112750;112660;112740
11.12.2018;112740;112740;112650;112660
11.12.2018;112660;112670;112590;112630
11.12.2018;112620;112660;112610;112640
11.12.2018;112640;112650;112610;112620
11.12.2018;112610;112620;112550;112600
11.12.2018;112600;112600;112570;112600
11.12.2018;112600;112600;112530;112530
11.12.2018;112530;112550;112510;112550
11.12.2018;112530;112590;112530;112570
11.12.2018;112570;112590;112530;112540
11.12.2018;112560;112560;112510;112530
11.12.2018;112540;112610;112530;112600
11.12.2018;112600;112610;112550;112610
11.12.2018;112600;112630;112580;112620
11.12.2018;112610;112630;112530;112550
11.12.2018;112560;112610;112540;112540
11.12.2018;112540;112660;112540;112650
11.12.2018;112660;112720;112630;112630
11.12.2018;112630;112700;112630;112690
11.12.2018;112690;112720;112670;112710
11.12.2018;112700;112710;112650;112650
11.12.2018;112650;112720;112650;112660
11.12.2018;112660;112660;112590;112630
11.12.2018;112630;112740;112610;112730
11.12.2018;112730;112750;112710;112730
11.12.2018;112720;112790;112660;112780
11.12.2018;112780;112800;112750;112770
11.12.2018;112770;112790;112740;112760
11.12.2018;112750;112770;112720;112720
11.12.2018;112720;112750;112700;112750
11.12.2018;112740;112840;112740;112760
11.12.2018;112770;112790;112740;112740
11.12.2018;112740;112830;112740;112810
11.12.2018;112790;112890;112760;112850
11.12.2018;112860;112880;112830;112840
11.12.2018;112850;112860;112810;112840
11.12.2018;112830;112840;112800;112810
11.12.2018;112800;112830;112780;112810
11.12.2018;112810;112810;112770;112810
11.12.2018;112810;112830;112770;112830
11.12.2018;112830;112830;112760;112760
11.12.2018;112760;112760;112720;112760
11.12.2018;112760;112810;112760;112780
11.12.2018;112790;112800;112740;112750
11.12.2018;112750;112790;112740;112770
11.12.2018;112780;112800;112750;112750
11.12.2018;112760;112770;112740;112750
11.12.2018;112760;112770;112740;112750
11.12.2018;112740;112780;112710;112720
11.12.2018;112720;112730;112630;112680
11.12.2018;112680;112690;112630;112660
11.12.2018;112660;112710;112650;112670
11.12.2018;112660;112690;112650;112670
11.12.2018;112680;112680;112630;112640
11.12.2018;112630;112720;112630;112720
11.12.2018;112710;112710;112640;112670
11.12.2018;112670;112710;112650;112690
11.12.2018;112700;112700;112650;112680
11.12.2018;112680;112730;112680;112720
11.12.2018;112730;112760;112710;112710
11.12.2018;112720;112740;112690;112740
11.12.2018;112750;112750;112680;112710
11.12.2018;112710;112730;112680;112700
11.12.2018;112690;112750;112680;112730
11.12.2018;112740;112810;112740;112750
11.12.2018;112750;112830;112750;112810
11.12.2018;112810;112840;112780;112790
11.12.2018;112780;112840;112770;112800
11.12.2018;112790;112810;112740;112770
11.12.2018;112780;112790;112730;112740
11.12.2018;112740;112740;112640;112670
11.12.2018;112650;112660;112610;112610
11.12.2018;112620;112660;112600;112650
11.12.2018;112660;112660;112630;112640
11.12.2018;112640;112690;112630;112660
11.12.2018;112670;112690;112650;112680
11.12.2018;112670;112710;112670;112700
11.12.2018;112690;112700;112670;112690
11.12.2018;112680;112830;112680;112800
11.12.2018;112790;112970;112790;112930
11.12.2018;112930;113100;112920;112930
11.12.2018;112940;113070;112940;113050
11.12.2018;113060;113080;113000;113000
11.12.2018;113010;113180;113000;113170
11.12.2018;113150;113180;113080;113110
11.12.2018;113120;113140;113080;113100
11.12.2018;113100;113160;113070;113120
11.12.2018;113130;113200;113110;113200
11.12.2018;113200;113230;113150;113180
11.12.2018;113190;113190;113120;113140
11.12.2018;113160;113170;113110;113110
11.12.2018;113110;113140;113080;113130
11.12.2018;113140;113180;113130;113170
11.12.2018;113180;113200;113160;113170
11.12.2018;113180;113190;113140;113150
11.12.2018;113140;113160;113120;113140
11.12.2018;113150;113160;113130;113150
11.12.2018;113150;113180;113130;113160
11.12.2018;113160;113200;113150;113170
11.12.2018;113180;113270;113150;113210
11.12.2018;113220;113230;113170;113210
11.12.2018;113210;113230;113190;113190
11.12.2018;113200;113220;113190;113220
11.12.2018;113210;113220;113160;113190
11.12.2018;113180;113190;113150;113170
11.12.2018;113170;113190;113150;113160
11.12.2018;113160;113220;113160;113210
11.12.2018;113210;113210;113160;113160
11.12.2018;113170;113190;113170;113180
11.12.2018;113180;113200;113180;113190
11.12.2018;113200;113210;113170;113200
11.12.2018;113200;113230;113190;113210
11.12.2018;113210;113210;113170;113180
11.12.2018;113180;113190;113150;113160
11.12.2018;113160;113180;113150;113170
11.12.2018;113180;113190;113120;113130
11.12.2018;113130;113160;113120;113130
11.12.2018;113140;113180;113140;113160
11.12.2018;113160;113170;113140;113150
11.12.2018;113150;113180;113140;113170
11.12.2018;113160;113170;113130;113130
11.12.2018;113130;113190;113130;113190
11.12.2018;113180;113190;113170;113180
11.12.2018;113170;113200;113170;113180
11.12.2018;113180;113270;113170;113270
11.12.2018;113270;113320;113220;113230
11.12.2018;113230;113230;113180;113200
11.12.2018;113210;113210;113160;113180
11.12.2018;113170;113190;113160;113170
11.12.2018;113170;113180;113140;113180
11.12.2018;113170;113190;113150;113180
11.12.2018;113170;113190;113170;113180
11.12.2018;113180;113230;113170;113200
11.12.2018;113200;113200;113170;113180
11.12.2018;113190;113200;113130;113160
11.12.2018;113180;113250;113170;113220
11.12.2018;113210;113260;113210;113220
11.12.2018;113220;113240;113190;113230
11.12.2018;113240;113240;113200;113200
11.12.2018;113200;113220;113180;113200
11.12.2018;113190;113200;113120;113130
11.12.2018;113140;113150;113130;113130
11.12.2018;113140;113180;113140;113150
11.12.2018;113150;113160;113140;113140
11.12.2018;113140;113140;113120;113130
11.12.2018;113120;113180;113120;113170
11.12.2018;113180;113180;113140;113140
11.12.2018;113160;113190;113140;113180
11.12.2018;113170;113220;113160;113200
11.12.2018;113210;113250;113180;113250
11.12.2018;113250;113320;113230;113300
11.12.2018;113290;113430;113290;113400
11.12.2018;113390;113410;113330;113400
11.12.2018;113400;113440;113360;113380
11.12.2018;113380;113380;113320;113320
11.12.2018;113320;113370;113310;113360
11.12.2018;113350;113350;113310;113350
11.12.2018;113360;113410;113350;113410
11.12.2018;113420;113420;113350;113380
11.12.2018;113360;113410;113360;113410
11.12.2018;113410;113500;113400;113430
11.12.2018;113420;113480;113410;113470
11.12.2018;113460;113540;113450;113530
11.12.2018;113530;113540;113460;113470
11.12.2018;113480;113510;113450;113500
11.12.2018;113500;113590;113490;113540
11.12.2018;113530;113620;113520;113590
11.12.2018;113580;113600;113540;113550
11.12.2018;113560;113590;113540;113570
11.12.2018;113570;113580;113520;113570
11.12.2018;113570;113600;113550;113580
11.12.2018;113570;113610;113560;113590
11.12.2018;113580;113610;113560;113580
11.12.2018;113590;113620;113580;113580
11.12.2018;113580;113580;113540;113540
11.12.2018;113550;113560;113520;113530
11.12.2018;113550;113730;113550;113660
11.12.2018;113670;113840;113660;113820
11.12.2018;113830;113880;113810;113830
11.12.2018;113840;113860;113780;113800
11.12.2018;113800;113850;113720;113730
11.12.2018;113740;113770;113730;113750
11.12.2018;113740;113820;113730;113750
11.12.2018;113740;113780;113710;113710
11.12.2018;113720;113740;113710;113720
11.12.2018;113710;113740;113710;113720
11.12.2018;113730;113780;113730;113740
11.12.2018;113750;113790;113710;113710
11.12.2018;113720;113730;113700;113720
11.12.2018;113730;113780;113700;113740
11.12.2018;113730;113870;113720;113810
11.12.2018;113800;113820;113730;113740
11.12.2018;113730;113740;113690;113690
11.12.2018;113690;113720;113670;113690
11.12.2018;113710;113720;113640;113640
11.12.2018;113630;113700;113630;113670
11.12.2018;113670;113690;113650;113650
11.12.2018;113650;113660;113610;113640
11.12.2018;113640;113660;113610;113660
11.12.2018;113660;113690;113650;113690
11.12.2018;113690;113730;113650;113660
11.12.2018;113680;113700;113640;113660
11.12.2018;113670;113680;113610;113680
11.12.2018;113680;113700;113650;113690
11.12.2018;113690;113710;113670;113670
11.12.2018;113660;113700;113650;113680
11.12.2018;113680;113740;113670;113730
11.12.2018;113740;113740;113700;113720
11.12.2018;113710;113750;113700;113730
11.12.2018;113730;113730;113620;113630
11.12.2018;113640;113700;113630;113680
11.12.2018;113670;113700;113670;113690
11.12.2018;113690;113710;113660;113690
11.12.2018;113690;113700;113670;113680
11.12.2018;113680;113700;113660;113660
11.12.2018;113670;113700;113670;113690
11.12.2018;113700;113750;113700;113710
11.12.2018;113710;113750;113660;113670
11.12.2018;113670;113710;113660;113680
11.12.2018;113700;113700;113610;113620
11.12.2018;113610;113630;113590;113620
11.12.2018;113620;113650;113610;113610
11.12.2018;113620;113620;113580;113590
11.12.2018;113590;113610;113580;113610
11.12.2018;113610;113630;113570;113580
11.12.2018;113590;113640;113580;113630
11.12.2018;113640;113690;113630;113660
11.12.2018;113660;113670;113630;113630
11.12.2018;113640;113650;113600;113610
11.12.2018;113620;113640;113610;113620
11.12.2018;113640;113660;113630;113630
11.12.2018;113630;113630;113590;113600
11.12.2018;113610;113620;113590;113600
11.12.2018;113610;113680;113610;113650
11.12.2018;113640;113660;113620;113620
11.12.2018;113610;113670;113610;113650
11.12.2018;113660;113720;113650;113660
11.12.2018;113660;113660;113640;113650
11.12.2018;113660;113670;113640;113650
11.12.2018;113660;113710;113660;113690
11.12.2018;113700;113730;113670;113700
11.12.2018;113700;113700;113660;113660
11.12.2018;113670;113700;113660;113670
11.12.2018;113680;113720;113680;113700
11.12.2018;113710;113710;113680;113690
11.12.2018;113690;113700;113650;113660
11.12.2018;113650;113670;113630;113640
11.12.2018;113640;113680;113640;113680
11.12.2018;113680;113700;113660;113680
11.12.2018;113680;113690;113630;113650
11.12.2018;113650;113680;113620;113630
11.12.2018;113620;113650;113600;113620
11.12.2018;113620;113660;113600;113600
11.12.2018;113610;113640;113610;113620
11.12.2018;113630;113650;113630;113630
11.12.2018;113630;113680;113630;113680
11.12.2018;113680;113680;113610;113620
11.12.2018;113620;113620;113580;113590
11.12.2018;113600;113610;113590;113600
11.12.2018;113590;113620;113590;113620
11.12.2018;113620;113690;113620;113670
11.12.2018;113680;113710;113650;113660
11.12.2018;113650;113690;113640;113650
11.12.2018;113650;113650;113610;113630
11.12.2018;113630;113720;113630;113700
11.12.2018;113700;113720;113650;113700
11.12.2018;113690;113690;113670;113680
11.12.2018;113670;113680;113660;113660
11.12.2018;113660;113660;113620;113620
11.12.2018;113630;113720;113610;113700
11.12.2018;113700;113750;113690;113750
11.12.2018;113740;113790;113690;113770
11.12.2018;113770;113770;113730;113770
11.12.2018;113770;113780;113720;113750
11.12.2018;113760;113820;113750;113770
11.12.2018;113780;113850;113780;113850
11.12.2018;113850;114000;113850;113980
11.12.2018;113990;114040;113960;113970
11.12.2018;113970;113980;113920;113930
11.12.2018;113930;113950;113900;113900
11.12.2018;113920;113960;113910;113920
11.12.2018;113930;113930;113910;113930
11.12.2018;113910;113950;113890;113950
11.12.2018;113960;114000;113890;113930
11.12.2018;113940;113980;113890;113930
11.12.2018;113930;113990;113930;113980
11.12.2018;113980;113980;113850;113890
11.12.2018;113910;113940;113890;113920
11.12.2018;113910;113930;113890;113910
11.12.2018;113910;113930;113880;113930
11.12.2018;113920;113940;113880;113900
11.12.2018;113890;113940;113870;113940
11.12.2018;113920;113970;113910;113950
11.12.2018;113960;114010;113960;114000
11.12.2018;113990;114000;113950;114000
11.12.2018;114000;114030;113950;113950
11.12.2018;113950;113970;113930;113960
11.12.2018;113940;113960;113930;113930
11.12.2018;113930;113940;113900;113910
11.12.2018;113910;113940;113880;113900
11.12.2018;113890;113920;113880;113900
11.12.2018;113910;113910;113850;113850
11.12.2018;113850;113870;113820;113860
11.12.2018;113860;113890;113860;113880
11.12.2018;113880;113890;113830;113850
11.12.2018;113840;113860;113820;113830
11.12.2018;113820;113860;113810;113820
11.12.2018;113820;113860;113820;113850
11.12.2018;113850;113870;113840;113870
11.12.2018;113870;113870;113840;113850
11.12.2018;113840;113890;113830;113880
11.12.2018;113880;113920;113880;113920
11.12.2018;113900;113920;113880;113880
11.12.2018;113880;113890;113850;113880
11.12.2018;113870;113880;113840;113850
11.12.2018;113860;113880;113850;113860
11.12.2018;113870;113870;113830;113830
11.12.2018;113830;113870;113810;113850
11.12.2018;113860;113930;113850;113910
11.12.2018;113910;113930;113900;113910
11.12.2018;113910;113950;113910;113930
11.12.2018;113920;113920;113870;113890
11.12.2018;113900;113930;113890;113920
11.12.2018;113920;113990;113910;113970
11.12.2018;113980;114000;113940;113970
11.12.2018;113980;113980;113920;113940
11.12.2018;113940;113950;113900;113910
11.12.2018;113890;113920;113890;113910
11.12.2018;113910;113950;113890;113940
11.12.2018;113950;113960;113900;113900
11.12.2018;113910;113920;113870;113890
11.12.2018;113890;113930;113870;113880
11.12.2018;113880;113930;113870;113920
11.12.2018;113930;113950;113920;113940
11.12.2018;113950;113950;113910;113910
11.12.2018;113920;113980;113920;113950
11.12.2018;113960;113980;113920;113920
11.12.2018;113920;113940;113910;113920
11.12.2018;113920;113960;113910;113930
11.12.2018;113940;113950;113900;113910
11.12.2018;113910;113940;113850;113890
11.12.2018;113900;113900;113830;113830
11.12.2018;113830;113840;113740;113770
11.12.2018;113770;113890;113770;113880
11.12.2018;113880;113930;113830;113880
11.12.2018;113890;113950;113870;113920
11.12.2018;113920;113920;113810;113810
11.12.2018;113810;113890;113810;113880
11.12.2018;113890;113920;113770;113770
11.12.2018;113780;113800;113690;113690
11.12.2018;113680;113720;113670;113690
11.12.2018;113710;113740;113680;113700
11.12.2018;113710;113710;113640;113670
11.12.2018;113670;113750;113670;113690
11.12.2018;113710;113710;113660;113670
11.12.2018;113680;113700;113540;113550
11.12.2018;113550;113560;113450;113490
11.12.2018;113480;113550;113470;113520
11.12.2018;113500;113550;113490;113510
11.12.2018;113510;113530;113450;113460
11.12.2018;113450;113460;113410;113420
11.12.2018;113420;113530;113420;113520
11.12.2018;113520;113590;113480;113580
11.12.2018;113580;113600;113530;113530
11.12.2018;113540;113590;113510;113520
11.12.2018;113520;113570;113520;113540
11.12.2018;113540;113580;113460;113530
11.12.2018;113530;113590;113520;113530
11.12.2018;113530;113540;113440;113450
11.12.2018;113470;113490;113460;113470
11.12.2018;113470;113580;113460;113580
11.12.2018;113580;113680;113560;113660
11.12.2018;113660;113690;113610;113640
11.12.2018;113630;113680;113620;113660
11.12.2018;113660;113710;113650;113660
11.12.2018;113660;113700;113660;113690
11.12.2018;113690;113710;113570;113580
11.12.2018;113590;113640;113560;113590
11.12.2018;113580;113610;113530;113540
11.12.2018;113530;113580;113520;113520
11.12.2018;113520;113530;113270;113300
11.12.2018;113300;113310;113210;113210
11.12.2018;113210;113370;113160;113330
11.12.2018;113330;113350;113280;113280
11.12.2018;113270;113330;113270;113330
11.12.2018;113320;113340;113290;113310
11.12.2018;113320;113370;113290;113360
11.12.2018;113360;113380;113340;113350
11.12.2018;113350;113370;113310;113340
11.12.2018;113350;113410;113330;113390
11.12.2018;113380;113410;113350;113350
11.12.2018;113340;113380;113330;113340
11.12.2018;113340;113360;113320;113350
11.12.2018;113340;113360;113270;113290
11.12.2018;113280;113380;113270;113380
11.12.2018;113370;113380;113330;113330
11.12.2018;113320;113380;113300;113300
11.12.2018;113300;113340;113280;113300
11.12.2018;113300;113350;113290;113290
11.12.2018;113290;113350;113290;113340
11.12.2018;113330;113380;113320;113340
11.12.2018;113330;113350;113270;113290
11.12.2018;113300;113310;113230;113290
11.12.2018;113280;113310;113250;113250
11.12.2018;113260;113290;113170;113230
11.12.2018;113220;113230;113080;113100
11.12.2018;113090;113170;113050;113170
11.12.2018;113170;113190;113120;113130
11.12.2018;113130;113190;113130;113170
11.12.2018;113160;113210;113140;113150
11.12.2018;113150;113290;113140;113290
11.12.2018;113280;113310;113250;113260
11.12.2018;113270;113280;113220;113220
11.12.2018;113230;113230;113200;113200
11.12.2018;113190;113220;113130;113180
11.12.2018;113140;113140;112720;113010
11.12.2018;113020;113030;112900;112950
11.12.2018;112950;112970;112880;112920
11.12.2018;112910;112970;112900;112960
11.12.2018;112950;112980;112920;112950
11.12.2018;112930;112940;112880;112910
11.12.2018;112900;112930;112850;112920
11.12.2018;112930;113000;112910;112990
11.12.2018;112990;113010;112960;112970
11.12.2018;112960;113010;112960;112990
11.12.2018;112980;113030;112960;112980
11.12.2018;112970;112970;112900;112930
11.12.2018;112920;112920;112810;112820
11.12.2018;112810;112870;112770;112770
11.12.2018;112780;112800;112650;112670
11.12.2018;112650;112770;112650;112720
11.12.2018;112730;112780;112710;112780
11.12.2018;112760;112820;112730;112730
11.12.2018;112740;112770;112700;112750
11.12.2018;112740;112770;112710;112760
11.12.2018;112750;112790;112730;112750
11.12.2018;112770;112780;112660;112710
11.12.2018;112710;112760;112700;112750
11.12.2018;112750;112840;112740;112810
11.12.2018;112790;112840;112770;112810
11.12.2018;112820;112830;112760;112770
11.12.2018;112790;112810;112760;112780
11.12.2018;112780;112790;112710;112710
11.12.2018;112720;112770;112710;112750
11.12.2018;112750;112780;112720;112720
11.12.2018;112720;112790;112680;112690
11.12.2018;112680;112700;112550;112630
11.12.2018;112620;112640;112570;112610
11.12.2018;112590;112610;112580;112580
11.12.2018;112580;112600;112520;112590
11.12.2018;112580;112620;112550;112580
11.12.2018;112570;112580;112520;112540
11.12.2018;112530;112570;112500;112540
11.12.2018;112550;112590;112520;112590
11.12.2018;112580;112600;112570;112600
11.12.2018;112590;112630;112560;112590
11.12.2018;112600;112630;112560;112570
11.12.2018;112560;112560;112500;112500
11.12.2018;112500;112530;112470;112510
11.12.2018;112500;112570;112470;112530
11.12.2018;112530;112540;112460;112530
11.12.2018;112520;112550;112410;112430
11.12.2018;112440;112520;112400;112520
11.12.2018;112510;112560;112500;112540
11.12.2018;112520;112550;112490;112520
11.12.2018;112510;112630;112500;112620
11.12.2018;112630;112640;112570;112580
11.12.2018;112580;112590;112520;112530
11.12.2018;112540;112600;112520;112580
11.12.2018;112590;112650;112570;112640
11.12.2018;112630;112640;112580;112610
11.12.2018;112600;112620;112580;112610
11.12.2018;112610;112650;112610;112630
11.12.2018;112640;112740;112630;112730
11.12.2018;112720;112780;112700;112720
11.12.2018;112720;112730;112680;112700
11.12.2018;112690;112710;112600;112600
11.12.2018;112610;112650;112550;112580
11.12.2018;112570;112630;112570;112630
11.12.2018;112610;112610;112390;112440
11.12.2018;112440;112440;112380;112410
11.12.2018;112400;112410;112270;112370
11.12.2018;112360;112370;112300;112340
11.12.2018;112350;112460;112320;112420
11.12.2018;112410;112530;112400;112500
11.12.2018;112510;112520;112390;112430
11.12.2018;112440;112470;112390;112460
11.12.2018;112470;112480;112380;112390
11.12.2018;112380;112460;112370;112450
11.12.2018;112440;112460;112400;112410
11.12.2018;112410;112410;112270;112310
11.12.2018;112290;112350;112280;112340
11.12.2018;112340;112400;112340;112370
11.12.2018;112350;112360;112140;112200
11.12.2018;112190;112300;112160;112260
11.12.2018;112260;112290;112220;112270
11.12.2018;112270;112280;112200;112260
11.12.2018;112260;112340;112250;112330
11.12.2018;112320;112390;112320;112370
11.12.2018;112370;112390;112340;112350
11.12.2018;112340;112340;112300;112320
11.12.2018;112320;112350;112300;112330
11.12.2018;112330;112350;112320;112340
11.12.2018;112340;112340;112310;112320
11.12.2018;112320;112320;112240;112240
11.12.2018;112240;112330;112230;112330
11.12.2018;112320;112330;112280;112310
11.12.2018;112310;112310;112270;112300
11.12.2018;112290;112330;112290;112320
11.12.2018;112320;112350;112300;112350
11.12.2018;112350;112360;112300;112320
11.12.2018;112330;112340;112310;112340
11.12.2018;112330;112360;112300;112350
11.12.2018;112360;112390;112340;112360
11.12.2018;112370;112370;112330;112350
11.12.2018;112350;112460;112330;112440
11.12.2018;112430;112440;112380;112420
11.12.2018;112410;112460;112400;112440
11.12.2018;112440;112480;112430;112440
11.12.2018;112450;112480;112440;112460
11.12.2018;112460;112480;112420;112430
11.12.2018;112420;112440;112400;112440
11.12.2018;112450;112460;112410;112410
11.12.2018;112410;112420;112340;112370
11.12.2018;112380;112410;112360;112410
11.12.2018;112410;112420;112380;112400
11.12.2018;112410;112420;112370;112400
11.12.2018;112400;112410;112380;112410
11.12.2018;112410;112450;112390;112400
11.12.2018;112400;112460;112400;112450
11.12.2018;112450;112480;112440;112440
11.12.2018;112440;112460;112420;112450
11.12.2018;112460;112470;112440;112440
11.12.2018;112440;112440;112400;112410
11.12.2018;112400;112450;112380;112420
11.12.2018;112420;112420;112370;112390
11.12.2018;112370;112450;112370;112450
11.12.2018;112450;112450;112410;112450
11.12.2018;112450;112450;112420;112420
11.12.2018;112420;112440;112400;112420
11.12.2018;112430;112430;112400;112420
11.12.2018;112410;112440;112410;112440
11.12.2018;112430;112440;112410;112420
11.12.2018;112410;112420;112360;112360
11.12.2018;112360;112460;112360;112460
11.12.2018;112460;112520;112450;112510
11.12.2018;112500;112560;112490;112510
11.12.2018;112500;112510;112440;112450
11.12.2018;112440;112490;112440;112490
11.12.2018;112470;112470;112440;112460
11.12.2018;112450;112510;112440;112500
11.12.2018;112500;112520;112490;112500
11.12.2018;112490;112520;112440;112440
11.12.2018;112440;112530;112400;112510
11.12.2018;112500;112590;112500;112570
11.12.2018;112570;112590;112550;112580
11.12.2018;112580;112660;112570;112640
11.12.2018;112630;112640;112600;112600
11.12.2018;112600;112630;112580;112630
11.12.2018;112620;112630;112570;112570
11.12.2018;112590;112590;112540;112540
11.12.2018;112540;112550;112450;112460
11.12.2018;112460;112460;112430;112450
11.12.2018;112440;112440;112400;112400
11.12.2018;112410;112450;112410;112430
11.12.2018;112410;112440;112360;112370
11.12.2018;112370;112380;112320;112370
11.12.2018;112370;112410;112350;112380
11.12.2018;112380;112410;112370;112390
11.12.2018;112370;112460;112370;112450
11.12.2018;112450;112460;112430;112450
11.12.2018;112460;112490;112440;112450
11.12.2018;112460;112470;112440;112470
11.12.2018;112470;112510;112450;112500
11.12.2018;112510;112520;112470;112500
11.12.2018;112500;112520;112380;112380
11.12.2018;112370;112390;112260;112300
11.12.2018;112310;112380;112300;112380
11.12.2018;112380;112380;112310;112310
11.12.2018;112320;112350;112300;112300
11.12.2018;112310;112320;112270;112300
11.12.2018;112300;112370;112300;112320
11.12.2018;112330;112350;112320;112330
11.12.2018;112340;112350;112320;112320
11.12.2018;112320;112350;112300;112330
11.12.2018;112330;112370;112330;112350
11.12.2018;112350;112380;112350;112370
11.12.2018;112380;112400;112300;112300
11.12.2018;112310;112340;112290;112340
11.12.2018;112330;112350;112310;112340
11.12.2018;112320;112330;112300;112330
11.12.2018;112330;112360;112330;112340
11.12.2018;112340;112350;112310;112320
11.12.2018;112330;112340;112320;112340
11.12.2018;112330;112350;112330;112350
11.12.2018;112330;112350;112310;112350
11.12.2018;112350;112380;112340;112370
11.12.2018;112380;112410;112370;112390
11.12.2018;112400;112400;112370;112400
11.12.2018;112400;112430;112390;112410
11.12.2018;112410;112440;112410;112420
11.12.2018;112410;112420;112390;112400
11.12.2018;112410;112440;112400;112410
11.12.2018;112430;112440;112400;112410
11.12.2018;112410;112450;112380;112400
11.12.2018;112390;112430;112360;112380
11.12.2018;112400;112400;112340;112360
11.12.2018;112370;112380;112350;112360
11.12.2018;112380;112410;112350;112410
11.12.2018;112410;112450;112390;112440
11.12.2018;112440;112450;112410;112430
11.12.2018;112440;112450;112390;112440
11.12.2018;112450;112490;112450;112460
11.12.2018;112450;112540;112450;112490
11.12.2018;112490;112520;112440;112460
11.12.2018;112450;112480;112420;112470
11.12.2018;112480;112550;112480;112520
11.12.2018;112520;112530;112490;112520
11.12.2018;112530;112580;112520;112560
11.12.2018;112550;112570;112540;112550
11.12.2018;112540;112600;112530;112590
11.12.2018;112600;112740;112600;112710
11.12.2018;112700;112770;112680;112750
11.12.2018;112760;112840;112750;112810
11.12.2018;112820;112850;112800;112800
11.12.2018;112810;112890;112800;112830
11.12.2018;112840;112930;112820;112850
11.12.2018;112840;112850;112810;112830
11.12.2018;112820;112830;112780;112800
11.12.2018;112790;112810;112760;112780
11.12.2018;112780;112800;112750;112750
11.12.2018;112770;112770;112730;112730
11.12.2018;112730;112760;112700;112750
11.12.2018;112740;112750;112720;112720
11.12.2018;112740;112740;112700;112720
11.12.2018;112730;112840;112730;112830
11.12.2018;112830;112850;112780;112780
11.12.2018;112780;112780;112730;112750
11.12.2018;112760;112810;112750;112810
11.12.2018;112800;112850;112780;112820
11.12.2018;112820;112910;112800;112880
11.12.2018;112880;112880;112790;112790
11.12.2018;112780;112820;112770;112770
11.12.2018;112790;112800;112770;112790
11.12.2018;112790;112800;112760;112780
11.12.2018;112790;112850;112790;112850
11.12.2018;112850;112860;112820;112830
11.12.2018;112830;112890;112820;112870
11.12.2018;112860;112890;112850;112870
11.12.2018;112860;112860;112810;112820
11.12.2018;112820;112850;112800;112820
11.12.2018;112810;112830;112810;112820
11.12.2018;112830;112830;112790;112790
11.12.2018;112800;112830;112790;112820
11.12.2018;112820;112830;112780;112780
11.12.2018;112790;112800;112700;112700
11.12.2018;112710;112740;112690;112710
11.12.2018;112700;112710;112660;112700
11.12.2018;112710;112730;112670;112720
11.12.2018;112700;112750;112700;112730
11.12.2018;112740;112740;112670;112690
11.12.2018;112690;112740;112680;112700
11.12.2018;112700;112750;112700;112740
11.12.2018;112740;112740;112710;112720
11.12.2018;112720;112780;112700;112770
11.12.2018;112770;112910;112760;112900
11.12.2018;112900;112920;112860;112900
11.12.2018;112910;112910;112870;112900
11.12.2018;112880;112980;112880;112960
11.12.2018;112960;112980;112950;112950
11.12.2018;112950;112980;112930;112930
11.12.2018;112930;112970;112920;112970
11.12.2018;112980;112990;112950;112950
11.12.2018;112950;112970;112910;112920
11.12.2018;112920;112930;112910;112920
11.12.2018;112920;112940;112890;112930
11.12.2018;112920;112940;112900;112940
11.12.2018;112920;112930;112900;112920
11.12.2018;112910;112940;112900;112940
11.12.2018;112930;112950;112930;112940
11.12.2018;112940;112940;112910;112910
11.12.2018;112920;112940;112920;112920
11.12.2018;112930;112950;112920;112920
11.12.2018;112920;112930;112870;112870
11.12.2018;112890;112950;112880;112900
11.12.2018;112890;112900;112840;112900
11.12.2018;112890;112930;112870;112930
11.12.2018;112940;112950;112910;112920
11.12.2018;112920;112940;112890;112920
11.12.2018;112910;112920;112880;112880
11.12.2018;112870;112890;112810;112840
11.12.2018;112830;112840;112810;112820
11.12.2018;112810;112820;112790;112810
11.12.2018;112820;112830;112780;112820
11.12.2018;112810;112830;112770;112770
11.12.2018;112770;112780;112740;112750
11.12.2018;112770;112800;112740;112780
11.12.2018;112770;112790;112740;112780
11.12.2018;112760;112780;112750;112760
11.12.2018;112760;112770;112720;112760
11.12.2018;112740;112790;112720;112790
11.12.2018;112770;112770;112720;112730
11.12.2018;112740;112790;112730;112790
11.12.2018;112780;112800;112720;112740
11.12.2018;112720;112760;112590;112650